filename,source_type,text,H1_expert,H2_expert,H3_expert,H4_expert,H5_expert,H1,H2,H3,H4,H5,H1_flag,H2_flag,H3_flag,H4_flag,H5_flag,H1_rationale,H2_rationale,H3_rationale,H4_rationale,H5_rationale,inferred_requirements,narrative_feedback,expert_score,element_score_raw
Case001_55550.pdf,,Placeholder text for scoring.,5,5,5,5,0,4,3,3,3,0,,,,,,,,,,,"The testing plan addresses many major inferred requirements such as engagement time, weight tolerance, cat interaction, cleanability, safety, weight, and reusability. Each requirement is linked to a specific test procedure, though some requirements like weight and safety have less detailed testing methods. | Testing procedures include basic steps and some setup details (e.g., hanging the prototype, using a specific cat), but lack comprehensive detail such as exact measurement tools, environmental controls, or detailed variable management. Some procedures are partially unclear or incomplete for full replication. | Trial counts are specified (mostly 3 trials per test), and some tests include repeated sessions (seven consecutive days for reusability). However, the number of trials per test is limited and may not fully capture variability or robustness. | The plan includes expected results and pass/fail criteria for many tests, such as engagement time and weight tolerance. However, thresholds and measurable outcomes are inconsistently defined, and some criteria (e.g., damage assessment) lack quantitative measures or clear evaluation metrics. | No evidence of field expert involvement or feedback influencing the testing plan is provided.","The testing plan demonstrates a solid effort to address several key design requirements, including user engagement, structural durability, safety, and reusability. These requirements were inferred from the testing content, as they were not explicitly stated, but the plan connects them to specific tests, which is a strength. However, some requirements, such as safety and weight, could benefit from more detailed and explicit testing methods.

While the procedures provide a general sequence of actions, they lack sufficient detail to ensure replicability by others. Important elements like measurement tools, environmental conditions, and control variables are not fully described. The quantity of tests is moderate, with three trials per test and a seven-day repeated use test, but increasing trial numbers and diversifying test conditions would improve reliability.

The logic behind the testing plan includes pass/fail criteria and expected results, but measurable thresholds and quantitative evaluation metrics are inconsistently applied. The absence of field expert feedback limits the plan’s refinement and validation. To improve, the team should enhance procedural detail for replicability, define clear quantitative success criteria, increase trial counts, and seek expert review to strengthen the testing plan’s rigor and relevance.",4,2.6
Case002_54540.pdf,,Placeholder text for scoring.,5,4,5,4,0,4,3,2,2,0,,,,,,,,,,,"The testing plan addresses all five high-priority requirements with specific test methods linked to each. Each requirement has a corresponding test, though some tests lack full detail or measurable criteria. | Testing procedures provide some detail such as angles, distances, and trial conditions, but lack comprehensive setup descriptions, tools, measurement methods, and clear sequences. Replicability is partial due to vague terms like 'fast pace' and missing exact trial protocols. | Trial counts are mostly unspecified except for three strikes in one test. There is no indication of multiple trials or repetitions for most tests, limiting the quantity and robustness of testing. | Some pass/fail criteria are stated (e.g., chair fitting behind box, mounting movement >1 cm), but thresholds and measurable outcomes are inconsistently defined. Expected results and tolerances are often implied rather than explicitly quantified. | No evidence of field expert involvement or feedback influencing the testing plan is provided.","The testing plan effectively identifies and aligns tests to five major design requirements, demonstrating a clear understanding of project priorities. However, while each requirement is linked to a test, the plan often lacks sufficient detail to ensure comprehensive evaluation. For example, the chair rolling test specifies an angle and distance but omits precise speed measurement or environmental controls, limiting replicability. Similarly, the cable impact test mentions three strikes but does not clarify trial repetitions or impact force quantification.

Procedures are partially described but would benefit from more explicit setup instructions, measurement tools, and step-by-step sequences to enable consistent replication. The quantity of testing is minimal, with only one test specifying multiple strikes and others lacking trial counts, which reduces confidence in result reliability. Pass/fail criteria are present but inconsistently applied; some tests include thresholds (e.g., movement over one centimeter), while others rely on subjective judgments like visual color matching without measurable standards.

No involvement of field experts is documented, missing an opportunity to strengthen the plan through professional feedback. To improve, the student should specify exact trial numbers and conditions, incorporate measurable evaluation metrics, detail procedures for replication, and seek expert review to refine testing rigor and relevance.",3.6,2.2
Case003_22221.pdf,,Placeholder text for scoring.,2,2,2,2,1,3,2,2,2,2,,,,,,,,,,,"The testing plan addresses some major requirements: the ability to create multiple passes/timers and the use of a keyboard for input. Each requirement is linked to a test procedure, but only two requirements are covered, limiting completeness. | Testing procedures are described in basic steps but lack sufficient detail for replication. For example, 'Run the code' and 'Record findings' are vague, and setup details, tools, variables, and measurement methods are minimal or missing. | Trial counts are provided (5 and 10), but the rationale for these numbers is weak (e.g., 'only because of re-wiring issues'). The quantity of tests is limited to two requirements, and no multiple trials per test are clearly planned to ensure robustness. | The plan includes pass/fail criteria and goals, but these are minimal and lack measurable thresholds or tolerances. Expected results are stated but without detailed evaluation metrics or success criteria beyond basic pass/fail. | One field expert (Brian Wright) is identified, and feedback is noted as 'Approved,' but no revisions or incorporation of feedback into the testing plan are documented.","The testing plan addresses two inferred high-priority design requirements: the ability to create multiple passes or timers and the use of a keyboard for user input. While these requirements are linked to testing procedures, the plan does not comprehensively cover all major requirements, limiting its scope. The procedures are outlined in simple steps but lack sufficient detail to ensure replicability, such as specific setup instructions, measurement methods, or control of variables.

The quantity of tests planned includes explicit trial counts, but the rationale behind these numbers is weak, and the overall number of tests is limited. The logic of the plan includes basic pass/fail criteria and goals; however, it lacks measurable thresholds, tolerances, or detailed evaluation metrics that would strengthen the assessment of success. Field expert involvement is minimal, with one expert approving the plan but no evidence of feedback incorporation or plan revision.

To improve, the student should provide more detailed, step-by-step testing procedures that include setup, tools, variables, and measurement methods to enhance replicability. Expanding the number and variety of tests to cover more requirements and including multiple trials per test would increase robustness. Defining clear, measurable success criteria with thresholds or tolerances would improve the logic and evaluation framework. Finally, actively incorporating and documenting expert feedback would strengthen the plan’s credibility and rigor.",1.8,2.2
Case004_55554.pdf,,Placeholder text for scoring.,5,5,5,5,4,5,4,4,4,4,,,,,,,,,,,"The testing plan clearly addresses nearly all major inferred requirements with distinct tests for RFID identification time, data storage accuracy, multiple active students, input validation, and destination tracking. | Testing procedures are generally detailed and logical, including setup, tools, sequence of actions, and measurements. Some minor details such as exact hardware configurations or environmental controls are not fully specified, but replication is feasible. | The plan includes multiple trials per test (10-20), covering most requirements with repeated measures. However, some tests have fewer trials (e.g., 10 for multiple active students), and the exact number of repetitions for stress tests is not specified. | The plan provides measurable outcomes, pass/fail criteria, expected result ranges, and goals for each test. However, some thresholds (e.g., for stress tests) are not explicitly stated, and some evaluation criteria could be more quantitatively defined. | Two field experts provided feedback that was clearly incorporated into the revised testing plan, including added stress tests and hardware stability evaluations.","The testing plan effectively addresses the project’s major design requirements, including RFID identification speed, data accuracy, multi-user support, input validation, and destination tracking. Each requirement is linked to specific, distinct tests, demonstrating a comprehensive approach to verifying system functionality. The inclusion of measurable pass/fail criteria and goals strengthens the alignment between requirements and testing.

Testing procedures are generally clear and replicable, detailing the sequence of actions, tools used, and measurements taken. While the plan could benefit from more explicit environmental controls and hardware setup details, another engineer could reasonably reproduce the tests. The quantity of trials is adequate for most tests, with 10 to 20 repetitions, supporting reliable data collection. However, some stress and hardware stability tests lack explicit trial counts, which could limit assessment of robustness.

The logic of the testing plan is sound, with clear expected results and evaluation criteria. Pass/fail thresholds and goals are provided, though some criteria could be more quantitatively defined, especially for stress tests. The involvement of two field experts and incorporation of their feedback notably improved the plan, adding valuable stress and hardware stability tests. To enhance rigor, the student should specify trial counts for all tests, detail hardware and environmental setup, quantify evaluation thresholds for stress tests, and include plans for statistical analysis of results.",4.8,4.2
Case005_31114.pdf,,Placeholder text for scoring.,3,1,1,1,4,3,2,2,2,3,,,,,,,,,,,"The testing plan addresses some major inferred requirements such as repeatability, accuracy, mass, and signal noticeability. However, not all requirements are fully tested with clear, distinct procedures, and some requirements like mass seem less critical to the sensor function. The connection between tests and requirements is partial but present. | Testing procedures are described but lack sufficient detail for full replication. For example, the repeatability test lacks specifics on setup and measurement tools, and the accuracy test procedure is vague about how the sensor signals and how to measure it. The mass test is simple but lacks context. The signal test is conceptual without detailed steps. | Trial counts are mentioned (e.g., 5 trials for repeatability, 10 for mass), but the quantity is limited and inconsistent across tests. The plan does not clearly indicate multiple trials for all tests or how these trials collectively cover all requirements. The number of trials is below the preferred 7+ for most tests. | Some pass/fail criteria and goals are stated, such as minimum trial counts and mass thresholds, but many expected results and evaluation criteria are vague or qualitative (e.g., 'sensor does anything'). There is a lack of measurable thresholds, tolerances, or detailed success criteria, limiting the logical rigor of the evaluation framework. | Two field experts are named with paraphrased feedback that influenced the testing plan, such as incorporating PID controller ideas and focusing on temperature and pressure variables. However, the revisions are not clearly documented in the testing plan table, limiting evidence of incorporated feedback.","The testing plan demonstrates an effort to address several key design requirements, including sensor repeatability, accuracy in detecting syrup-to-water ratios, prototype mass, and signaling when syrup levels are low. These requirements were inferred from the testing content rather than explicitly stated, which somewhat limits clarity. While the plan includes basic procedures, many lack sufficient detail to ensure replicability. For example, the accuracy test does not specify how sensor signals are measured or recorded, and the signal notification test is described conceptually without concrete steps or tools.

Trial counts are mentioned but are generally below the recommended number for robust testing, and coverage across all requirements is uneven. The evaluation logic includes some pass/fail criteria and goals, but these are often qualitative or vague, lacking measurable thresholds or tolerances. This reduces the ability to objectively assess success or failure. The involvement of two field experts is a strength, with feedback that influenced design considerations; however, the testing plan does not clearly show revisions based on this input.

To improve, the team should explicitly state all major requirements and ensure each has a distinct, detailed, and replicable test procedure. Increasing the number of trials and clearly documenting measurement methods and pass/fail criteria with quantitative thresholds will strengthen the plan. Finally, integrating expert feedback directly into the testing plan with clear evidence of changes will enhance credibility and rigor.",2,2.4
Case006_54544.docx,,Placeholder text for scoring.,5,4,5,4,4,4,3,3,3,4,,,,,,,,,,,"The testing plan clearly addresses two major inferred requirements: prototype integrity when inverted and overall durability. Multiple distinct tests are planned for these requirements, including rotations around three axes and physical activities like walking and running. However, the plan does not explicitly cover all possible high-priority requirements, so the score is not a full 5. | Testing procedures include some detail such as rotation axes, timing, and activities like walking and running. However, some procedural elements lack clarity and completeness, such as the exact setup for running/jumping tests, tools used, and measurement methods. The procedures are partially replicable but would benefit from more precise descriptions. | The plan includes multiple trials for rotation tests (10 each) and some repetition for walking (3 times), but other tests have fewer trials (e.g., bending once). While there is a reasonable quantity of tests for some requirements, the overall quantity is moderate and does not fully cover all requirements with sufficient trial counts. | The plan provides pass/fail criteria and goals for the tests, such as no parts tearing or detaching and prototype remaining unchanged. Expected results are described qualitatively, but measurable thresholds, tolerances, or quantitative success criteria are limited. The logic is adequate but could be strengthened with more explicit measurable outcomes. | Two field experts (a coach and a trainer) provided feedback that was incorporated into the revised testing plan. The revisions include adding running and jumping tests and a usage test for cleaning frequency, demonstrating meaningful expert influence.","The testing plan effectively addresses two major inferred design requirements: the prototype’s structural integrity when inverted and its overall durability during physical activity. These requirements are supported by distinct tests, such as rotations around multiple axes and dynamic movement tests, which demonstrate thoughtful alignment between requirements and testing. However, the plan does not explicitly state all high-priority requirements, limiting completeness.

Testing procedures include useful details like rotation timing and axes, as well as activities like walking and running. Yet, some procedural descriptions lack sufficient clarity and detail to ensure full replicability, such as the exact setup for dynamic tests and measurement methods. The quantity of tests is moderate, with multiple trials for rotation but fewer for other activities, suggesting room for more comprehensive trial planning.

The plan includes pass/fail criteria and qualitative expected results, but measurable thresholds and quantitative success criteria are limited, reducing the rigor of evaluation. The involvement of two field experts who provided actionable feedback and prompted revisions strengthens the plan’s credibility and relevance.

To improve, the team should explicitly list all major design requirements, enhance procedural detail for replicability, increase trial counts for dynamic tests, and define measurable evaluation criteria with quantitative thresholds. Incorporating more precise measurement tools and documenting how expert feedback shaped each test would further strengthen the testing plan.",4.4,3.4
Case007_43424.pdf,,Placeholder text for scoring.,4,3,4,2,4,4,3,3,2,4,,,,,,,,,,,"The testing plan addresses many major inferred requirements such as safety, colour, discreteness, portability, and rechargeability with specific tests linked to each. However, some requirements like 'Discrete' lack detailed testing procedures, and others like 'Colour' rely on subjective user feedback rather than objective measures. | Testing procedures include some details such as number of trials and general setup, but lack comprehensive information on tools, variables, controls, and exact measurement methods. For example, safety testing is described generally without specifying measurement instruments or controlled conditions, limiting replicability. | The plan includes multiple trials for most tests (typically 5-7), which is adequate for some requirements. However, the quantity of tests is limited overall, and some requirements have minimal or no trial counts specified, capping the score at a moderate level. | Pass/fail criteria and goals are stated but often lack measurable thresholds or tolerances. Expected result ranges are vague or qualitative (e.g., 'no sharp edges', 'colour should be neutral'), and no quantitative success criteria or error margins are provided, limiting logical rigor. | Two field experts are clearly identified with detailed interview notes and relevant feedback. The document summarizes expert input and indicates that feedback will guide improvements, but explicit revisions to the testing plan based on this feedback are not fully documented in the test tables.","The testing plan effectively identifies and addresses several key design requirements such as safety, colour, portability, and rechargeability, demonstrating a solid foundation for prototype evaluation. However, some requirements, like discreteness, are less clearly tested, and the reliance on subjective measures (e.g., user opinions on colour) weakens the objectivity of the plan. The procedures provide a general overview of testing actions and trial counts but lack sufficient detail on setup, tools, and controlled variables, which limits replicability by others.

While multiple trials are planned for most tests, the overall quantity and diversity of tests could be expanded to better cover all requirements comprehensively. The pass/fail criteria and goals are present but often qualitative and lack explicit measurable thresholds or tolerances, reducing the logical rigor and clarity of evaluation. The involvement of two field experts is a strong aspect, with detailed feedback that addresses safety, usability, and technical concerns. However, the document does not clearly show how this expert feedback has been incorporated into revisions of the testing plan.

To improve, the team should: 1) provide more detailed, step-by-step testing procedures including tools and variables; 2) define clear, quantitative pass/fail criteria with measurable thresholds; 3) increase the number and variety of tests to cover all requirements thoroughly; and 4) explicitly document how expert feedback has been integrated into the testing plan to demonstrate iterative improvement and expert-informed design.",3.4,3.2
Case008_32220.docx,,Placeholder text for scoring.,3,2,2,2,0,2,2,1,1,0,,,,,,,,,,,"The testing plan mentions several inferred requirements such as grass growth, safety, durability, and soil condition. However, only a few requirements have associated testing methods described, mainly soil pH testing and visual assessment of grass and soil. Other requirements like safety and durability are mentioned but lack clear, connected test procedures. | Testing procedures are described in a vague and incomplete manner. The soil pH test mentions using a soil testing kit but lacks detailed setup, variables, or step-by-step instructions. Visual assessments are mentioned but without clear methodology or measurement criteria. The plan lacks sufficient detail for replication. | There is no explicit mention of the number of trials or repeated tests. The plan references some observations but does not specify trial counts or systematic testing quantity. This minimal testing quantity limits the ability to evaluate requirements thoroughly. | The plan lacks measurable outcomes, pass/fail criteria, thresholds, or goals beyond vague statements. Expected results are implied but not quantified, and no clear evaluation framework is provided to connect test results back to requirements. | No evidence of field expert involvement or feedback is present in the document. The section for expert feedback is empty, and no revisions based on expert input are documented.","The testing plan attempts to address several important design requirements such as grass growth under shade, safety, durability, and soil suitability. However, these requirements are mostly inferred rather than explicitly stated, and only a few have associated testing methods. The soil pH test and visual assessments provide some basis for evaluation but lack comprehensive coverage of all major requirements.

Testing procedures are described in a general and incomplete manner, lacking sufficient detail to allow replication. Important elements such as setup, variables, and measurement methods are missing or vague. Additionally, the plan does not specify the number of trials or systematic testing quantity, which limits confidence in the robustness of the evaluation.

The logic of the testing plan is weak, with no clear pass/fail criteria, thresholds, or measurable outcomes. Expected results are implied but not quantified, reducing the ability to objectively assess success. Furthermore, there is no evidence of field expert involvement or feedback, which could have strengthened the plan through professional insights.

To improve, the student should explicitly state all major design requirements and connect each to detailed, replicable test procedures. Including clear trial counts and systematic testing will enhance reliability. Defining measurable evaluation criteria with pass/fail thresholds will improve logical rigor. Finally, seeking and incorporating feedback from relevant field experts will provide valuable guidance and strengthen the testing plan.",1.8,1.2
Case009_11110.docx,,Placeholder text for scoring.,1,1,1,1,0,4,4,4,4,0,,,,,,,,,,,"The testing plan clearly addresses two major inferred requirements: structural integrity when inverted and mass limit. Both requirements have associated test methods directly linked to them. However, only two requirements are tested, so not all possible major requirements are covered. | Testing procedures are generally detailed and logical, including setup, tools (digital scale), sequence of actions, and number of trials. The rotation test includes axis definitions and timing. However, some procedural details such as exact measurement tools for deformation or how observations are recorded are not fully specified. | The plan includes multiple trials (10 per axis for rotation, 10 for mass measurement), which is sufficient to evaluate the two requirements. The quantity of tests is adequate for these requirements but limited in scope since only two requirements are tested. | The plan provides pass/fail criteria, goals beyond passing, and expected result ranges for both tests. The criteria are measurable and tied to requirements. However, the deformation observations are somewhat qualitative, and no explicit tolerances for deformation are given, limiting full logic development. | No evidence of field expert involvement or feedback incorporation is present in the document.","The testing plan effectively addresses two key design requirements inferred from the content: ensuring the prototype remains intact when inverted and maintaining a mass below 3kg. These requirements are clearly connected to specific test methods, demonstrating a focused approach to validating critical design aspects. However, the plan covers only these two requirements, which limits the comprehensiveness of the testing.

Procedures are generally well-detailed and replicable, with clear steps, tools, and trial counts provided. The rotation test includes multiple axes and timing details, and the mass test uses a digital scale with stabilization time. Despite this, some procedural elements, such as how deformation is measured or recorded, lack precision, which could affect repeatability and data quality.

The quantity of tests planned is sufficient, with ten trials per test case, supporting reliable data collection. The logic behind the plan is strong, featuring measurable pass/fail criteria, expected result ranges, and goals beyond minimum passing thresholds. However, the qualitative nature of deformation observations and absence of explicit tolerances reduce the robustness of evaluation.

No field expert feedback or revisions based on such input are evident, representing a missed opportunity to strengthen the testing plan. To improve, the student should: 1) expand testing to cover additional major requirements; 2) specify quantitative methods for assessing deformation; 3) include explicit tolerances and error margins; and 4) seek and document expert feedback to refine the plan further.",0.8,3.2
Case010_32222.pdf,,Placeholder text for scoring.,3,2,2,2,2,3,2,2,2,2,,,,,,,,,,,"The testing plan addresses some major inferred requirements: phone fit and integrity, accessibility, and visibility through a window. Each requirement is linked to a test procedure, but coverage is limited to these three, and some requirements are only partially tested. | Testing procedures are described in general terms but lack sufficient detail for replication. Setup, tools, measurement methods, and variables are not clearly specified. The sequence of actions is vague, e.g., 'put in and take out the phone continually' without defined steps. | Test quantities are minimal and inconsistent. Only two trials are explicitly mentioned for the phone fit test; other tests have no clear trial counts. The limited number of trials and lack of multiple repetitions reduce confidence in evaluation. | The plan includes pass/fail criteria and goals but lacks measurable thresholds or quantitative expected results. Expected results are qualitative and vague (e.g., 'pretty good'), and no tolerances or success metrics are defined, limiting logical evaluation. | Field experts (stakeholders) provided feedback, but it was mostly positive and non-constructive. There is no clear evidence that this feedback led to revisions in the testing plan, only general appreciation and a mention of a concern about traffic and space usage.","The testing plan identifies and addresses several key design requirements, including ensuring the phone fits correctly and remains intact, is easily accessible, and is visible through a mini window. However, these requirements are inferred rather than explicitly stated, and the testing coverage is limited to these three areas without exploring other potential critical requirements.

Testing procedures lack sufficient detail to be replicable. Descriptions are vague, missing specifics about setup, tools, measurements, and controlled variables. The number of trials is minimal, with only two trials explicitly mentioned, which is insufficient to robustly evaluate the design. Pass/fail criteria and goals are stated but remain qualitative and lack measurable thresholds or tolerances, reducing the logical rigor of the evaluation.

Field expert involvement is acknowledged but limited to positive feedback without documented influence on the testing plan. To improve, the team should explicitly state all major requirements, develop detailed, step-by-step testing procedures including measurement methods, increase the number of trials to ensure statistical relevance, and define clear, quantitative success criteria. Additionally, actively seeking and incorporating constructive expert feedback would strengthen the testing plan’s validity and relevance.",2.2,2.2
Case011_54530.pdf,,Placeholder text for scoring.,5,4,5,3,0,4,3,3,3,0,,,,,,,,,,,"The testing plan addresses many major high-priority requirements including safety, cleanability, difficulty to solve, durability, longevity, and mobility. Each requirement is linked to specific test procedures, showing clear intent to evaluate them. However, some requirements like mobility have less detailed testing and evaluation criteria, limiting a perfect score. | Testing procedures are generally described with steps and some details such as applying pressure, cleaning methods, and trial counts. However, many procedures lack full clarity or replicability details, such as exact tools, measurement methods, or environmental controls. Some steps are vague or incomplete, e.g., the mobility test lacks detailed volume measurement methods. | The plan includes multiple trials for several tests (e.g., 3 trials for durability and longevity, 5 iterations for safety), which is positive. However, trial counts are low relative to the preferred seven or more, and some tests lack explicit trial numbers. Overall, the quantity is adequate to evaluate some but not all requirements thoroughly. | The plan provides pass criteria and some measurable outcomes (e.g., cleaning time <3 min, no deformation >10%, mass ≤40 lb). However, thresholds and success criteria are missing or vague for some tests, and expected results are not always clearly connected back to requirements. The logic is adequate but could be more thorough and explicit. | There is no mention or evidence of field expert involvement or feedback influencing the testing plan.","The testing plan effectively identifies and addresses several high-priority design requirements such as safety, cleanability, difficulty to solve, durability, longevity, and mobility. These requirements are inferred from the testing content and are generally well connected to specific test procedures, demonstrating a solid understanding of the project goals. However, some requirements, particularly mobility, are less thoroughly tested with limited procedural detail.

While the testing procedures include logical steps and some measurable criteria, many lack sufficient detail to ensure replicability. For example, the cleaning test specifies a time threshold but does not fully describe the cleaning method or measurement tools. Trial counts are provided for several tests, but the number of trials is often below the preferred level for robust evaluation, and some tests lack explicit trial numbers altogether.

The plan includes pass/fail criteria and measurable outcomes for some requirements, but these are inconsistently applied and sometimes vague. The absence of field expert feedback is a notable gap, as expert insights could strengthen the testing rigor and relevance. To improve, the plan should include more detailed, replicable procedures with clear measurement methods, increase trial counts to enhance statistical validity, explicitly define pass/fail thresholds for all tests, and seek expert review to refine and validate the testing approach.",3.4,2.6
Case012_45450.docx,,Placeholder text for scoring.,4,5,4,5,0,4,4,2,3,2,,,,,,,,,,,"The testing plan addresses many major inferred requirements with distinct tests for fire detection timing, alert activation, water pumping, and pump start timing. However, some requirements like light alert are mentioned but not explicitly tested, limiting a perfect score. | Testing procedures are generally detailed and logical, including setup, timing, and controlled variables such as distance and environment. However, some procedural details like exact measurement tools or environmental controls could be more explicit for full replicability. | Each test is planned with only 3 trials, which is below the preferred 7 or more trials for robust evaluation. While multiple tests cover several requirements, the limited trial count restricts confidence in results. | The plan includes pass/fail criteria and goals for each test, with expected result ranges. However, thresholds and tolerances are minimal and not quantitatively detailed, limiting the thoroughness of the evaluation framework. | Field expert feedback is mentioned, recommending earlier testing to allow issue resolution. However, only one expert feedback is noted and no clear evidence of revisions based on this feedback is shown in the testing plan.","This testing plan effectively identifies and addresses several key design requirements, such as fire detection timing, alert activation, and water pump operation. The requirements were logically inferred from the testing content, demonstrating a clear connection between design goals and test methods. However, some requirements, like the light alert, are mentioned but lack explicit testing, which could be strengthened.

The testing procedures are generally clear and logical, describing setup, timing, and controlled variables. This supports replicability, though more explicit details on measurement tools and environmental controls would improve clarity. The plan includes multiple tests but limits each to only three trials, which is insufficient for robust statistical confidence and trend analysis.

The evaluation framework includes pass/fail criteria and goals, but lacks detailed thresholds or tolerances, reducing the precision of success metrics. Field expert involvement is acknowledged with a recommendation for earlier testing, but only one expert is cited and no clear revisions based on feedback are evident.

To improve, increase trial counts to at least seven per test, explicitly test all stated requirements including light alerts, provide more detailed measurement and environmental controls, and document how expert feedback has been incorporated to refine the testing plan.",3.6,3
Case013_54530.pdf,,Placeholder text for scoring.,5,4,5,3,0,4,2,2,2,0,,,,,,,,,,,"The testing plan addresses many major requirements explicitly with corresponding tests, including load support, leg stability under repeated force, clearance, fixability, and user comprehension. All five inferred requirements have associated tests, though some are less detailed. | Testing procedures are described at a high level but lack sufficient detail for replication. For example, the method to apply 300 pounds or 1000N force is not specified, nor are tools, setup, or measurement methods. The description of the form for Mr. L and the fixability test is vague. | The plan mentions three trials but does not specify trial counts per test or multiple repetitions beyond the 5 force applications for one test. The quantity is limited and insufficient to robustly evaluate all requirements. | Some measurable outcomes and thresholds are stated (e.g., 300 pounds, 1cm movement, 1 minute fix time), but pass/fail criteria and expected result ranges are not fully developed or consistently applied. The logic connecting tests to requirements is partially explained but lacks depth. | No evidence of field expert involvement or feedback influencing the testing plan is provided.","The testing plan effectively identifies and aligns tests to several key design requirements, including load capacity, stability under repeated force, clearance, fixability, and user comprehension. This demonstrates a good understanding of the project’s priorities. However, many requirements were inferred rather than explicitly stated, and some tests lack detailed connection to measurable outcomes.

Testing procedures are generally described but lack the necessary detail for replication. Critical information such as the method of applying forces, measurement tools, and exact steps is missing, which limits the ability of others to reproduce the tests reliably. The quantity of testing is minimal, with only a few trials mentioned and no clear plan for multiple repetitions across all tests, reducing confidence in the robustness of the evaluation.

The plan includes some measurable thresholds, such as force values and time limits, but lacks comprehensive pass/fail criteria and detailed expected results. This weakens the logical framework for evaluating success. Additionally, there is no indication that field experts reviewed or influenced the plan, missing an opportunity to strengthen the testing approach.

To improve, the team should provide detailed, step-by-step testing procedures including tools and measurement methods; increase the number of trials per test to ensure reliability; clearly define pass/fail criteria and expected result ranges; and seek expert feedback to refine and validate the testing plan.",3.4,2
