filename,source_type,text,J1_expert,J2_expert,J3_expert,J1,J2,J3,J1_flag,J2_flag,J3_flag,J1_rationale,J2_rationale,J3_rationale,inferred_requirements,narrative_feedback,expert_score,element_score_raw
Case001_550.pdf,,Placeholder text for scoring.,5,5,0,4,1,0,,,,,,,"The document identifies two stakeholders (Zookeeper A and Zookeeper B) and two demonstrably-qualified field experts (a Biomedical Engineering professor and a biomedical imaging researcher). Each evaluator's role and qualifications are explicitly justified. However, no additional stakeholders or experts beyond these four are documented. | The document lacks any actual documented evaluation feedback addressing aspects of the design or engineering design process. There are no copies of emails, transcripts, feedback forms, or summaries of evaluation content. The mention of evaluation is present, but no substantive feedback is provided. | There is no synthesis or summary of the external evaluation feedback. The document does not provide any analysis, trends, takeaways, or conclusions from the evaluators' input. The synthesis is missing entirely.","The project includes a well-identified set of external evaluators, comprising two stakeholders directly involved with the enrichment toy and two field experts with relevant biomedical and ecological expertise. This diversity of evaluators is a strength, as it provides multiple perspectives on the project. However, the documentation falls short in providing any actual evaluation feedback from these sources. While the evaluators are named and justified, no substantive comments, critiques, or observations related to the design or engineering process are included.

Without documented feedback, the analysis and interpretation of evaluation data are minimal. The absence of detailed evaluator input means the project misses the opportunity to reflect on specific design aspects, usability, or technical challenges. Furthermore, there is no synthesis or integration of evaluation insights, which limits the ability to identify trends, patterns, or actionable improvements. This lack of synthesis weakens the overall evaluation documentation and reduces its usefulness for guiding future iterations.

To improve, the project should include actual feedback from evaluators, such as summarized comments or excerpts from communications. The student should analyze this feedback to highlight key strengths and weaknesses of the design. Finally, a thorough synthesis that combines multiple evaluator perspectives into clear conclusions and recommendations would greatly enhance the evaluation quality and demonstrate deeper reflection on the project’s development.",3.333333333,1.666666667
Case002_100.pdf,,Placeholder text for scoring.,1,0,0,2,1,1,,,,,,,"The document references one primary stakeholder and other students as stakeholders, plus Benjamin Graham, who is mentioned in conversation but without demonstrated field expertise. No evidence shows that Benjamin Graham or others are demonstrably qualified field experts. Thus, only two stakeholders or one field expert can be credited. | The feedback documented is very minimal and generic, indicating approval and a vague comment about noticing the solution. There is no clear evaluation addressing specific aspects of the design or engineering design process. | The synthesis is sparse and lacks detail or specificity. It mainly lists brief comments without integrating or analyzing them to identify trends, patterns, or meaningful takeaways.","The project’s external evaluation includes input from a primary stakeholder, other students, and a person named Benjamin Graham. However, the document does not demonstrate that any field experts with relevant qualifications were involved, limiting the depth and credibility of the evaluation. The involvement of multiple stakeholders is noted, but their specific roles and expertise remain unclear.

The documented feedback is minimal and largely generic, consisting mainly of approval statements and a brief anecdotal comment. There is no clear evidence that the evaluation addressed specific aspects of the design or engineering process, such as functionality, usability, or iteration. Consequently, the analysis and interpretation of the feedback lack depth and fail to provide actionable insights.

The synthesis of the external evaluation is sparse and does not integrate multiple comments into broader conclusions or identify meaningful trends. To improve, the student should seek feedback from demonstrably qualified field experts, document specific evaluative comments related to design aspects, and provide a detailed synthesis that highlights patterns and actionable takeaways. Additionally, including reflections on how the feedback informs future design iterations would strengthen the evaluation and reflection process.",0.333333333,1.333333333
Case003_221.pdf,,Placeholder text for scoring.,2,2,1,2,4,3,,,,,,,"The document includes two stakeholders: a student and a teacher. The teacher is also identified as a field expert due to engineering and teaching experience. However, only one field expert is documented, and the third stakeholder and additional field expert slots are blank. Therefore, the criteria for multiple stakeholders and multiple field experts are not met. | The evaluation feedback addresses identifiable aspects of the design, including code efficiency, hardware components, and project scheduling. The feedback is specific enough to relate to design and engineering process elements, but it is somewhat general and lacks depth in multiple aspects. | The synthesis summarizes the main feedback focusing on code and materials, and notes the importance of software and hardware choices. However, the synthesis is somewhat general and does not deeply integrate multiple evaluator comments into detailed trends or actionable insights. It reflects on improvements but lacks thorough analysis.","The project’s external evaluation includes input from two stakeholders: a student peer and a teacher who also serves as a field expert. While this provides some diversity in perspectives, the evaluation would benefit from additional qualified field experts to strengthen the breadth and depth of feedback. The teacher’s dual role adds credibility, but the absence of more external experts limits the evaluation’s comprehensiveness.

The student effectively documents feedback that addresses specific design aspects such as code efficiency and hardware choices, demonstrating an understanding of key engineering considerations. However, the analysis remains somewhat surface-level, lacking detailed exploration of how these aspects impact the overall design process or potential trade-offs. The synthesis captures general themes but does not fully integrate multiple comments into a cohesive, detailed evaluation.

To improve, the student should seek evaluations from more diverse and demonstrably qualified experts to enrich feedback quality. Additionally, deeper analysis connecting feedback to design decisions and project constraints would enhance understanding. Finally, a more thorough synthesis that identifies clear trends, conflicts, or actionable recommendations would strengthen reflection and future planning. Including specific examples or proposed changes based on feedback would also increase the usefulness of the evaluation.",1.666666667,3
Case004_555.pdf,,Placeholder text for scoring.,5,5,5,5,5,5,,,,,,,"The document includes evaluations from three distinct stakeholders (two students and one teacher) and three demonstrably qualified field experts with relevant expertise in programming, hardware integration, and technology support. | The feedback addresses multiple clear aspects of the design and engineering process, including usability, software design principles, hardware integration, modularity, scalability, and reliability, demonstrating comprehensive evaluation. | The synthesis is detailed, specific, and thorough, identifying consistent trends across stakeholders and experts, integrating multiple comments into broader conclusions about usability, functionality, scalability, and iterative improvement, with meaningful takeaways.","The project’s external evaluation is robust and well-documented, involving multiple stakeholders and field experts with clearly relevant expertise. The inclusion of students, a classroom teacher, and professionals with programming, hardware, and technical support backgrounds provides a comprehensive perspective on the prototype’s performance and potential improvements. This diversity strengthens the credibility and relevance of the evaluation.

The student effectively analyzes and interprets the feedback, addressing various aspects of the design and engineering process such as usability, software modularity, hardware reliability, and scalability. The evaluation feedback is specific and actionable, reflecting a deep understanding of both user experience and technical considerations. The synthesis goes beyond mere listing of comments by identifying meaningful trends and patterns, such as the shared emphasis on ease of use and suggestions for expanding functionality and improving system robustness.

While the synthesis is strong, future evaluations could benefit from explicitly linking feedback to specific design decisions or iterations to deepen reflection. Additionally, incorporating quantitative data or testing results could enhance evaluation rigor. To improve, the student should consider documenting how feedback influenced subsequent design changes, seek more diverse stakeholder input, and explore potential trade-offs in recommended improvements. Overall, the evaluation and reflection process is thorough and insightful, providing a solid foundation for continued project development.",5,5
Case005_341.pdf,,Placeholder text for scoring.,3,4,1,4,3,2,,,,,,,"The document includes evaluations from three stakeholders and two demonstrably qualified field experts (a science teacher and a computer programming teacher). The third field expert slot is blank, so only two field experts are documented. This meets the criteria for a score of 4. | The evaluators provide feedback addressing aspects of the design, such as sensor accuracy, repeatability, and suggestions for signaling low syrup levels. However, the feedback is somewhat limited in scope and depth, focusing mainly on the sensor functionality and user notification, without comprehensive coverage of multiple design or engineering process aspects. | The synthesis summarizes individual evaluator comments but mainly paraphrases them without integrating or identifying broader trends, patterns, or meaningful takeaways. The summary lacks thorough analysis or deeper reflection that combines multiple perspectives into actionable conclusions.","The project’s external evaluation demonstrates a solid effort to engage multiple stakeholders and qualified field experts, which strengthens the relevance and credibility of the feedback received. The inclusion of three stakeholders with direct experience of the problem and two teachers with relevant expertise provides a good foundation for meaningful evaluation. However, the absence of a third field expert and limited documentation of their feedback slightly reduces the breadth of expert input.

The evaluation feedback addresses important aspects of the design, particularly the sensor’s accuracy and the need for effective signaling to users when syrup levels are low. While these comments are relevant, the feedback does not comprehensively cover multiple facets of the design or engineering process, such as testing, iteration, or usability considerations. The student’s synthesis of the evaluation is primarily a restatement of individual comments rather than a cohesive analysis that identifies trends or actionable insights across evaluators.

To improve, the team should aim to gather more detailed and varied feedback covering different design aspects, including prototype testing and user interaction. Enhancing the synthesis by integrating evaluator perspectives to highlight common themes or conflicting viewpoints would deepen reflection and guide future improvements. Additionally, documenting more concrete recommendations and planned design iterations based on the evaluation would strengthen the project’s development and demonstrate thoughtful use of external input.",2.666666667,3
Case006_354.docx,,Placeholder text for scoring.,3,5,4,5,4,4,,,,,,,"The document includes evaluation from three distinct stakeholders (athletes in lacrosse, football, and baseball) and three demonstrably-qualified field experts (a chemistry teacher knowledgeable in materials, an evening campus supervisor, and a head football coach/assistant athletic director). Each evaluator provided documented feedback. | The evaluation feedback addresses multiple aspects of the design, including functionality, fit, size options, strap design, and versatility. While the feedback is relevant and specific to design features, it does not deeply address the engineering design process such as testing results or analysis, limiting the score to 4. | The synthesis integrates multiple evaluator comments into clear trends and actionable takeaways, such as the need for wider, deeper design, removable straps, and multiple sizes. The summary is generally specific and detailed but could be more thorough in explaining how these insights will guide iteration.","The project’s external evaluation is strong, involving a well-rounded group of three stakeholders and three field experts who provided relevant and specific feedback. This diversity of perspectives enhances the credibility and applicability of the evaluation, particularly as the stakeholders are active athletes and the experts have demonstrable qualifications related to materials and athletic oversight.

The student effectively analyzes the feedback by identifying key design issues such as the need for increased space inside the product, adjustable straps, and multiple sizing options. The evaluation addresses important design aspects, though it could be improved by incorporating more detailed insights into the engineering design process, such as prototype testing or performance analysis.

The synthesis of the evaluation is clear and actionable, summarizing common themes and outlining specific next steps for design iteration. However, the synthesis would benefit from deeper explanation of how these changes will be implemented and tested. To improve, the student should seek more detailed feedback on testing and analysis, explicitly connect evaluation insights to engineering decisions, and provide a more thorough reflection on how the feedback informs future design cycles.",4,4.333333333
Case007_451.pdf,,Placeholder text for scoring.,4,5,1,4,0,0,,,,,,,"The document identifies three stakeholders and two demonstrably-qualified field experts with justification for their roles. However, no documented evaluation feedback is provided, only placeholders and instructions. | No actual documented evaluation feedback addressing any aspect of the design or engineering design process is present. The document contains only template instructions and empty sections. | The synthesis section is blank with no summary or analysis of evaluator comments. No meaningful trends, takeaways, or conclusions are provided.","The project documentation shows a clear understanding of the importance of involving multiple stakeholders and field experts in the evaluation process, as evidenced by the identification of three stakeholders and two qualified field experts. However, the document lacks any actual recorded feedback or evaluation from these individuals, which limits the usefulness of this involvement. Without documented evaluation, the project misses critical insights that could inform design improvements.

Furthermore, the absence of any detailed evaluation feedback means there is no analysis or interpretation of how the design or engineering process was assessed. This lack of substantive evaluation feedback prevents meaningful reflection on the project's strengths or weaknesses. Additionally, the synthesis section is empty, offering no integration or summary of evaluator comments, which is essential for identifying trends or actionable takeaways.

To improve, the student should ensure that actual evaluation feedback is collected and documented from each stakeholder and expert, focusing on specific aspects of the design or process. They should also provide a thorough synthesis that combines multiple perspectives into clear conclusions and recommendations. Including detailed, project-specific reflections will strengthen the evaluation and guide future design iterations.",3.333333333,1.333333333
Case008_321.docx,,Placeholder text for scoring.,3,2,1,5,4,2,,,,,,,"The document includes multiple stakeholders (Jeremy Diehlmann, Kole Underwood, Ms. Katherine Ray) and multiple demonstrably-qualified field experts (Jeremy Diehlmann - engineer, Ms. Katherine Ray - biology teacher with relevant expertise, Dr. John Barnhardt - project approver and financier). Each provided documented evaluation. | The evaluation feedback addresses identifiable aspects of the design and engineering process such as soil testing, diagnosing the problem, understanding grass growth conditions, and design improvement suggestions. However, some feedback is verbal and not fully documented, and the coverage of multiple aspects is present but not deeply detailed. | The synthesis summarizes evaluator comments and notes some takeaways (e.g., soil testing and next steps), but it is brief, somewhat general, and lacks integration of multiple evaluator perspectives into clear trends or detailed conclusions. It mostly lists feedback rather than deeply synthesizing it.","The project demonstrates strong engagement with external evaluators, including multiple stakeholders and field experts with relevant qualifications. The inclusion of an engineer, a biology teacher, and a project approver provides a well-rounded perspective on the project’s design and implementation considerations. This breadth of evaluation sources is a significant strength, ensuring diverse insights into the project’s challenges and potential improvements.

The documented feedback addresses important aspects of the design process, such as soil testing and diagnosing environmental factors affecting grass growth. However, some feedback is only verbally noted without detailed documentation, limiting the depth of analysis. The student shows an understanding of the evaluation but could improve by providing more comprehensive and specific documentation of all feedback received.

The synthesis of the external evaluation is a clear area for growth. While the summary captures general takeaways, it lacks detailed integration of multiple evaluator comments into broader conclusions or trends. To enhance future evaluations, the student should focus on combining evaluator insights to identify patterns, agreements, or actionable recommendations. Additionally, providing more detailed reflections on how feedback informs design iterations would strengthen the evaluation process. Recommendations include: 1) documenting all feedback thoroughly, 2) explicitly linking feedback to design decisions, 3) developing a more detailed synthesis that integrates multiple perspectives, and 4) reflecting on how evaluation shapes next steps.",2,3.666666667
Case009_251.docx,,Placeholder text for scoring.,2,5,1,5,4,3,,,,,,,"The document includes evaluations from three distinct stakeholders who were project members and two demonstrably-qualified field experts with relevant professional or academic backgrounds. Each evaluator provided documented feedback, fulfilling the criteria for multiple stakeholders and multiple qualified field experts. | The evaluations address at least one clear aspect of the design process, such as prototype functionality (fire alarm and sprinkler system), testing results, and suggestions for improvement. However, the feedback is somewhat limited in scope and depth, focusing mainly on the prototype's performance and testing rather than multiple distinct aspects of the design or engineering process. | The synthesis summarizes evaluator comments and identifies a general trend regarding the sprinkler system's failure and the alarm system's success. It notes the need for more testing and adjustments. However, the synthesis is somewhat general and lacks deeper integration of multiple evaluator perspectives into a thorough, detailed analysis or actionable conclusions.","The project benefits from a strong external evaluation component, with documented feedback from three stakeholders directly involved in the project and two field experts with relevant qualifications. This diverse input provides a solid foundation for understanding the project's strengths and weaknesses from multiple perspectives. The inclusion of both team members and professionals enhances the credibility and relevance of the evaluation.

The student effectively captures key feedback related to the prototype's performance, particularly the success of the fire alarm system and the shortcomings of the sprinkler system. However, the analysis remains somewhat narrow, focusing primarily on prototype functionality and testing outcomes without exploring other design or process aspects such as iteration, usability, or constraints. The synthesis of evaluation comments identifies a clear trend but lacks depth and detailed integration of the evaluators' insights.

To improve, the student should aim to broaden the scope of evaluation feedback by soliciting input on multiple design aspects and engineering processes. Enhancing the synthesis by combining evaluator comments into more detailed, specific conclusions and actionable recommendations would strengthen reflection and future planning. Additionally, documenting more detailed feedback from field experts and stakeholders would provide richer data for analysis and improve the overall quality of the evaluation.",2.666666667,4
Case010_221.pdf,,Placeholder text for scoring.,2,2,1,2,2,1,,,,,,,"The document includes two stakeholders: Dr. Spesier and Ms. McKenzie Hamilton, both identified as school administrators. There is no evidence that either is a demonstrably-qualified field expert relevant to the engineering design project. Therefore, the score reflects two stakeholders but no field experts. | The feedback documented is generally positive but vague and lacks specific references to aspects of the design or engineering design process. Comments such as 'liked all the ideas' and 'gave positive feedback about our designs' are broad and do not address identifiable design or process aspects. Thus, the evaluation is incomplete or overly general. | The synthesis consists mainly of isolated evaluator comments copied verbatim without integration or analysis. There is no meaningful trend identification, pattern recognition, or clear takeaways. The summary is sparse and lacks specifics or thoroughness.","The project’s external evaluation includes feedback from two stakeholders who are school administrators, which provides some perspective on the project’s reception within the school community. However, the absence of demonstrably-qualified field experts limits the depth and technical relevance of the evaluation. The feedback provided is generally positive but lacks specificity and does not clearly address particular aspects of the design or engineering process, reducing its usefulness for guiding improvements.

The student’s analysis of the evaluation feedback is minimal, with no clear interpretation or identification of actionable insights. The synthesis section merely lists evaluator comments without integrating them into broader conclusions or identifying meaningful trends. This limits the ability to draw useful lessons or plan targeted refinements.

To improve, the student should seek evaluation from qualified field experts to gain technical insights. They should also encourage evaluators to provide specific feedback on design elements or testing results. Finally, the student should work on synthesizing feedback by identifying common themes, contrasting opinions, and actionable recommendations to deepen reflection and guide future iterations.",1.666666667,1.666666667
Case011_051.pdf,,Placeholder text for scoring.,0,5,1,2,3,2,,,,,,,"The document references feedback from primary stakeholders and professionals who evaluated the project, but does not specify multiple distinct stakeholders or demonstrate the qualifications of the professionals as field experts. No clear evidence of multiple qualified field experts or multiple stakeholders is provided. | The evaluation feedback mentioned includes insights on positives and areas for improvement related to the toy design, reflecting some aspects of the design process. However, the feedback is described generally without detailed or comprehensive coverage of multiple design or engineering aspects. | The synthesis of the external evaluation is sparse and general, noting strengths such as team presentation and knowledge but lacking detailed, specific, or thorough integration of evaluator comments into meaningful trends or actionable conclusions.","The project’s external evaluation involved primary stakeholders and professionals, which is a positive step toward gathering relevant feedback. However, the document does not clearly identify multiple stakeholders or demonstrate the qualifications of the professionals as field experts, limiting the depth and breadth of the evaluation sources. More explicit identification and description of evaluators would strengthen this aspect.

The student reflects on receiving valuable feedback that highlighted strengths and areas for improvement in the toy design. While this shows some engagement with the evaluation, the analysis remains general and does not deeply explore specific design or engineering aspects. The synthesis of feedback is limited, primarily focusing on presentation skills and team dynamics rather than detailed design insights or actionable recommendations.

To improve, the student should document evaluator roles and qualifications more clearly, seek feedback addressing multiple design aspects, and provide a more thorough synthesis that identifies patterns or trends in the feedback. Additionally, integrating specific evaluator comments into a cohesive summary with clear takeaways would enhance the usefulness of the evaluation. Future reflections could also propose concrete improvements based on the evaluation to demonstrate deeper analysis and application of feedback.",2,2.333333333
Case012_211.docx,,Placeholder text for scoring.,2,1,1,4,3,2,,,,,,,"The document identifies two stakeholders (Greg Butler and Nicole Hollywood) and two demonstrably-qualified field experts (the same two individuals) who provided evaluation. Although the same individuals serve dual roles, the document treats them as separate evaluators with distinct feedback. A third stakeholder and field expert are mentioned but not named or documented, so they are not counted. | The evaluation feedback addresses aspects of the design and engineering process, such as testing the code and water pump before the final test and considering alternative fire suppression methods. However, the feedback is somewhat limited and not fully comprehensive across multiple design aspects. | The synthesis summarizes evaluator comments and identifies some takeaways, such as the need for preliminary testing and exploring different fire suppression methods. However, the synthesis is somewhat sparse, lacks thorough integration of multiple comments, and is overly general without detailed analysis or clear trends.","The project’s external evaluation includes input from two named stakeholders and two demonstrably-qualified field experts, which provides a solid foundation for feedback. However, the overlap of roles between stakeholders and experts limits the diversity of perspectives. The documentation of evaluation is present but incomplete for a third evaluator, which reduces the breadth of input.

The student captures some relevant feedback related to testing procedures and alternative design approaches, indicating an awareness of important engineering process aspects. Yet, the evaluation feedback is somewhat limited in scope and depth, focusing mainly on testing and fire suppression methods without addressing other design or process elements.

The synthesis attempts to summarize evaluator comments and extract key takeaways, but it remains general and lacks detailed integration of multiple perspectives. To improve, the student should aim to document more diverse evaluators, provide more comprehensive and specific feedback addressing multiple design aspects, and develop a more thorough synthesis that identifies clear trends, patterns, and actionable conclusions. Including detailed documentation of evaluation and reflecting on how feedback informs design iteration would strengthen future submissions.",1.333333333,3
Case013_353.pdf,,Placeholder text for scoring.,3,5,3,4,4,2,,,,,,,"The documentation includes multiple stakeholders: Mr L and other students in his class who completed evaluation forms. It also includes multiple field experts: Mr Gregory, who observed the project, and the engineering class students who acted as field experts during testing. However, the qualifications of the engineering class students as field experts are not clearly demonstrated, and Mr Gregory's qualifications are not explicitly detailed, so full credit is not awarded. | The evaluation feedback addresses multiple aspects of the design, including stability under load, fit of chairs under the table, leg strength, replicability, and ease of repair. The feedback is specific to design performance and usability, reflecting key design requirements. However, some feedback is somewhat general or incomplete, and the documentation does not fully cover the engineering design process comprehensively. | The synthesis summarizes overall positive reception and notes some concerns about stability from one shareholder. However, the synthesis is sparse and general, lacking detailed integration of multiple evaluator comments into broader conclusions or trends. It does not deeply analyze or interpret the feedback beyond stating that one shareholder had concerns.","The project’s external evaluation involved multiple stakeholders and field experts, including the primary stakeholder Mr L, other students who provided feedback, Mr Gregory as a field expert observer, and engineering class students acting as field experts. This diversity of evaluators strengthens the evaluation, though the qualifications of some field experts are not clearly established, which limits the overall impact.

The evaluation feedback effectively addresses several important design aspects such as load-bearing capacity, stability, usability, and repairability. This shows a good level of engagement with the design’s functional requirements. However, some feedback is somewhat general or incomplete, and the documentation could benefit from more comprehensive coverage of the engineering design process.

The synthesis of the external evaluation is brief and lacks depth. While it acknowledges overall positive reception and notes a specific concern about stability, it does not integrate multiple comments into meaningful trends or actionable insights. To improve, the team should aim to provide a more detailed and thorough synthesis that identifies patterns across feedback and draws clear conclusions. Additionally, clarifying the qualifications of field experts and expanding evaluation to cover more design process aspects would enhance the quality and usefulness of the evaluation.",3.666666667,3.333333333
