filename,source_type,text,C1__expert,C2__expert,C3__expert,C4__expert,C5__expert,C6__expert,C1,C2,C3,C4,C5,C6,C1_flag,C2_flag,C3_flag,C4_flag,C5_flag,C6_flag,C1_rationale,C2_rationale,C3_rationale,C4_rationale,C5_rationale,C6_rationale,narrative_feedback,element_score_raw
Case001_555545.pdf,,,5,5,5,5,4,5,5,4,5,4,5,4,,,,,,,,,,,,"The design requirements are explicitly linked to prior research and stakeholder interviews, as evidenced by detailed notes from multiple interviews with the primary stakeholder (zookeeper A) and direct references to their preferences and constraints. | The requirements are clearly listed and prioritized from highest to lowest, with detailed explanations for each. However, some lower priority requirements are less detailed and the formatting is somewhat inconsistent, preventing a top score. | Eight high-priority design requirements are explicitly listed, exceeding the rubric threshold of five for the highest score. | Most design requirements are objective and measurable, such as engagement time, weight limits, and cleaning time. A few requirements, especially lower priority ones like aesthetics, are more subjective, so the score is just below the highest. | The requirements are clearly tied to a tangible and viable solution, addressing usability, durability, cleaning, and stakeholder needs, which would directly lead to a functional enrichment toy design. | There is strong evidence of validation from the primary stakeholder group (zookeeper A) through multiple interviews and detailed notes, but no explicit evidence of involvement from multiple distinct primary stakeholder groups, limiting the score to 4.","The portfolio demonstrates exceptional linkage of design requirements to prior research and stakeholder input, earning a top score for C1. The requirements list is well prioritized and detailed, meriting a strong score of 4 in C2, though formatting and some lower priority details could be improved. The student clearly identifies more than five high-priority requirements, achieving the highest score for C3. Most requirements are objective and measurable, justifying a 4 for C4, but some subjective elements prevent a perfect score. The requirements are well connected to a viable solution, earning a 5 for C5. Validation is thorough for one primary stakeholder group but lacks evidence of multiple groups, resulting in a 4 for C6. To improve, the student should enhance formatting consistency and clarity in the requirements list, explicitly include measurable criteria for all requirements, especially subjective ones, and seek validation from additional primary stakeholder groups. Including more structured evidence of prioritization rationale and expanding stakeholder engagement would strengthen the overall presentation.",4.5
Case002_035455.pdf,,,0,3,5,4,5,5,5,5,5,5,5,1,,,,,,,,,,,,"The design requirements explicitly reference prior solutions and research, such as covers attaching to walls, braided cables, hinges, and mounting systems, demonstrating a comprehensive linkage to prior research. | The requirements are clearly listed, explicitly prioritized as high or low priority, and detailed with specific descriptions and measurable failure criteria, showing a well-structured and detailed list. | Five design requirements are explicitly identified as high priority, meeting the highest rubric threshold. | Each design requirement includes objective and measurable criteria, such as angles for chair fitting, cable breakage conditions, visibility, and cable organization, ensuring consistent measurability. | The requirements are clearly tied to tangible and viable solutions, such as covers, protective systems, hinges, and mounting adjustments, indicating a high likelihood of leading to implementable solutions. | There is minimal evidence of primary stakeholder validation beyond a single stakeholder's preferences; no multiple stakeholder groups or broad validation is demonstrated.","The portfolio demonstrates exceptional linkage to prior research (C1=5) and presents a well-structured, prioritized, and detailed list of design requirements (C2=5) with five clearly identified high-priority items (C3=5). The requirements are consistently objective and measurable (C4=5) and strongly connected to tangible, viable solutions (C5=5). However, stakeholder validation is minimal, with evidence limited to a single stakeholder's input, resulting in a low score for C6=1. To improve, the student should seek validation from multiple primary stakeholder groups to better represent diverse needs. Additionally, including more explicit documentation of stakeholder feedback sessions or surveys would strengthen validation. Expanding the rationale behind prioritization and linking it more explicitly to stakeholder needs could enhance clarity. Finally, integrating more detailed evidence of how prior research informed each requirement would further solidify the research connection.",4.333333333
Case003_525230.pdf,,,5,2,5,2,3,0,4,3,5,2,4,5,,,,,,,,,,,,"The document explicitly states that the high-priority design requirements stem from prior research, indicating 5 out of 7 requirements (approximately 71%) are related to prior research, fitting the 60%-79% range. | Design requirements are listed and prioritized into high and low priority categories, generally clear, and somewhat detailed. However, some requirements lack specificity and clarity, and the formatting is inconsistent, preventing a higher score. | Five design requirements are explicitly identified as high priority, meeting the rubric's highest level for quantity of high-priority requirements. | Most design requirements are described in subjective terms without clear, objective, or measurable criteria. For example, 'easy to use' and 'cheap and easy to setup' lack measurable parameters, indicating only occasional objectivity and measurability. | The design requirements are likely to lead to a tangible and viable problem solution, as they focus on system functionality, tracking, usability, and cost, but the lack of measurable detail slightly limits full confidence. | Each design requirement includes a statement that it was approved by the stakeholder, indicating strong evidence that requirements represent and have been validated by primary stakeholder groups, likely covering 80%-100%.","The portfolio demonstrates a strong connection between design requirements and prior research, earning a C1 score of 4, as most requirements are linked but not exhaustively detailed. The requirements list is adequately prioritized and generally clear, meriting a C2 score of 3, though greater specificity and consistent formatting would improve clarity. With five high-priority requirements clearly identified, C3 scores a 5, showing good focus on critical needs. However, the requirements lack objective and measurable criteria, resulting in a C4 score of 2; adding quantifiable metrics would enhance testability. The requirements are well aligned to lead to a viable solution, justifying a C5 score of 4, but more precise definitions would strengthen this. Stakeholder validation is explicitly documented for all requirements, earning a C6 score of 5. To improve, the student should incorporate measurable parameters for each requirement, enhance clarity and detail in descriptions, ensure consistent formatting, and explicitly link each requirement to specific research findings. These steps would elevate the rigor and completeness of the design requirements presentation.",3.833333333
Case004_555555.pdf,,,5,5,5,5,5,5,5,5,5,5,5,5,,,,,,,,,,,,"Each design requirement is explicitly linked to prior research from Elements A or B, with clear explanations of how the research supports the requirement. | Seven design requirements are clearly listed, each explicitly prioritized as high or low priority, and detailed with specific criteria and context. | Five design requirements are explicitly identified as high priority, meeting the highest rubric threshold. | Design requirements consistently include objective and measurable criteria, such as time limits, unique ID digit counts, and specific system behaviors. | All requirements are clearly connected to tangible and viable solutions, with detailed descriptions of how they address the problem and improve system functionality. | There is explicit evidence of validation from multiple primary stakeholder groups including teachers, students, and administrators, covering well over 80% of the requirements.","The student demonstrates exceptional work in Element C, earning top scores across all categories. The design requirements are thoroughly grounded in prior research (C1:5) and are clearly listed, prioritized, and detailed (C2:5). The identification of five high-priority requirements (C3:5) shows strong focus on critical system features. Each requirement is objectively measurable, with clear criteria such as timing and unique ID formats (C4:5), and all are well connected to feasible, tangible solutions (C5:5). Validation from multiple primary stakeholders, including teachers, students, and administrators, is explicitly documented for nearly all requirements (C6:5). To further improve, the student could enhance the presentation by consolidating the requirements into a single, well-formatted list for easier reference, include explicit numeric prioritization ranks beyond high/low labels, and provide more quantitative data on stakeholder feedback percentages. Additionally, integrating a summary table or matrix linking requirements, research, and stakeholder validation would strengthen clarity and accessibility. Overall, this submission is comprehensive and well-justified but could benefit from improved organization and explicit prioritization metrics.",5
Case005_044335.pdf,,,0,4,4,3,3,5,3,3,5,2,4,2,,,,,,,,,,,,"The design requirements are related to prior research, as each requirement includes a brief explanation linking it to research or analogous systems (e.g., car gas signals, alarms). However, these connections are somewhat superficial and lack depth or detailed evidence, placing the work in the 40%-59% range. | The requirements are listed and prioritized into HIGH and LOW categories, with five high-priority and two low-priority requirements. The prioritization is clear but the clarity and detail vary; some requirements are somewhat vague or incomplete (e.g., the last low priority requirement is a placeholder). This matches the descriptor for generally clear and somewhat detailed. | There are exactly five design requirements explicitly identified as HIGH priority, meeting the highest rubric level. | While some requirements mention measurable aspects (e.g., cost range, accuracy timing), most are described in subjective or qualitative terms without clear, objective, or testable criteria. This inconsistency and vagueness align with the rubric level for sometimes objective and/or measurable. | The design requirements are likely to lead to a tangible and viable solution, as they focus on functional aspects like signaling, contacting people, accuracy, and cost. The connection to solution feasibility is clear but not fully developed or detailed enough for the highest level. | There is evidence of validation from at least two primary stakeholders (Mr. Jones and Mr. Gloster) who provide feedback on various requirements. However, the percentage of stakeholder groups represented is low (20%-39%), consistent with the rubric level 2.","The portfolio demonstrates a moderate connection between design requirements and prior research, earning a C1 score of 3, but these links could be strengthened with more detailed evidence. The requirements are clearly listed and prioritized, meriting a C2 score of 3, though some lack specificity and completeness, especially the low-priority items. The team correctly identifies five high-priority requirements, achieving a top score of 5 for C3. However, the requirements are only sometimes objective or measurable, resulting in a C4 score of 2; adding precise, quantifiable criteria would improve this. The requirements are well aligned with a viable solution, justifying a C5 score of 4, but further elaboration on feasibility and implementation would enhance this. Stakeholder validation is present but limited to a small portion of groups, leading to a C6 score of 2. To improve, the team should deepen the research connections with more explicit citations or data, refine requirements to be fully measurable and objective, expand stakeholder engagement to cover more groups, and complete all listed requirements with clear, detailed statements. Additionally, clarifying the prioritization rationale and ensuring all requirements are fully developed would strengthen the overall presentation.",3.166666667
Case006_025321.docx,,,0,2,5,3,2,1,3,2,5,2,3,2,,,,,,,,,,,,"The design requirements are related to prior research, as each requirement includes an explanation linking it to the problem context and prior findings. However, the connections are somewhat general and not deeply developed, indicating an adequate but not strong integration of prior research. | The design requirements are listed and prioritized with high and low priority labels, but the prioritization is inconsistent and not clearly structured. Some requirements lack clarity and detail, and several are incomplete or vague, such as the fifth requirement which is confusing and lacks a clear measurable statement. | Five design requirements are explicitly identified as high priority, meeting the rubric's highest threshold for quantity of high-priority requirements. | Some requirements include measurable elements (e.g., durability for 100 uses), but many are vague or subjective (e.g., 'easily able to be put on', 'accessible by slipping foot on'). Overall, measurability is inconsistent and often insufficient. | The design requirements have potential to lead to a tangible and viable solution, as they address durability, usability, and accessibility. However, some requirements are vague or incomplete, limiting the strength of the connection to a fully viable solution. | There is evidence of primary stakeholder validation for some requirements, but it is limited and partial. Only a few stakeholders are mentioned, and feedback is minimal or incomplete, indicating validation from a small portion of primary stakeholder groups.","The student demonstrates an adequate connection of design requirements to prior research (C1=3), but these links could be more explicitly detailed and supported by stronger evidence. The requirements are listed and prioritized, but the prioritization lacks clarity and some requirements are vague or incomplete, resulting in a low score for C2=2. The student correctly identifies five high-priority requirements (C3=5), which is a strength. However, the requirements are inconsistently objective and measurable (C4=2), with many relying on subjective language or lacking clear metrics. The requirements show potential to lead to a viable solution (C5=3), but some are underdeveloped or unclear, weakening this connection. Stakeholder validation is present but limited and partial, with minimal feedback from a few individuals, leading to a low score for C6=2. To improve, the student should clarify and detail all requirements with measurable criteria, strengthen the prioritization structure, expand and document stakeholder validation comprehensively, and deepen the linkage between requirements and prior research to enhance justification and feasibility.",2.833333333
Case007_035331.docx,,,0,3,5,3,3,1,3,3,5,2,3,2,,,,,,,,,,,,"The design requirements are generally related to prior research, as each requirement includes an explanation linking it to the problem context and prior findings. However, the connections are somewhat superficial and lack depth or detailed evidence from research, so the coverage fits the 40%-59% range. | The requirements are listed and prioritized with high and low priority labels, but the prioritization is inconsistent and not always clearly structured. Some requirements are vague or incomplete, such as requirement #5, which is unclear and lacks detail. Overall, the list is generally clear but only somewhat detailed. | Five design requirements are explicitly identified as high priority (#1 through #5), meeting the rubric's highest level for quantity of high-priority requirements. | Some requirements include measurable elements (e.g., #4 specifies 100 uses), but many are vague or subjective (e.g., 'easily able to be put on', 'accessible by slipping foot on'). Measurability is inconsistent and often relies on subjective language, so the score reflects partial objectivity and measurability. | The design requirements have potential to lead to a tangible and viable solution, as they address durability, ease of use, accessibility, and reusability. However, some requirements are vague or incomplete, and the connection to a fully viable solution is not strongly articulated, limiting the score to adequate potential. | There is evidence of primary stakeholder validation for some requirements, with direct quotes from at least two named stakeholders. However, the extent of stakeholder groups represented is limited and not clearly quantified, suggesting only partial validation across primary groups.","The student demonstrates a moderate connection between design requirements and prior research (C1=3), but these links could be strengthened with more detailed evidence. The requirements list is present and prioritized, yet the structure and clarity vary, especially with vague or incomplete items like requirement #5, resulting in a C2 score of 3. The student correctly identifies five high-priority requirements (C3=5), which is commendable. However, the measurability of requirements is inconsistent, with some subjective language and lack of clear metrics, leading to a low C4 score of 2. The requirements show potential to lead to a viable solution (C5=3), but stronger articulation of feasibility and implementation details would improve this. Stakeholder validation is present but limited in scope and depth, earning a C6 score of 2. To improve, the student should clarify and detail all requirements with measurable criteria, ensure consistent and explicit prioritization, deepen the linkage to prior research with concrete data or references, and expand stakeholder engagement to include multiple groups with documented feedback. These steps will enhance the rigor and completeness of the design requirements presentation.",3
Case008_045343.docx,,,0,4,5,3,4,3,4,4,5,2,4,3,,,,,,,,,,,,"The design requirements are explicitly related to prior research and stakeholder input, with multiple references to research findings and concerns from Dr. Barnhardt and Dr. Jess. However, the linkage is somewhat general and not deeply detailed for all requirements, placing it in the 60%-79% range. | The design requirements are clearly listed and prioritized into high and low priority categories, and each is described with some detail. While generally clear and prioritized, some requirements lack full specificity or detailed elaboration, so the list is strong but not fully comprehensive. | Five design requirements are explicitly identified as high priority: Safety, Effective system of take and return, Discrete, Portable, and Rechargeable. | The requirements are mostly described in subjective terms (e.g., 'discreet', 'portable', 'effective system') without clear, objective, or measurable criteria. There is some mention of measurable aspects like lasting 'a couple of hours' for rechargeable, but overall measurability is inconsistent and vague. | The design requirements are likely to lead to a tangible and viable solution, as they address key functional and user needs such as safety, portability, and rechargeability. The connection to solution feasibility is clear but not deeply elaborated, so the score reflects a strong but not exceptional linkage. | There is evidence of validation from at least two primary stakeholder groups (Dr. Barnhardt and Dr. Jess), but the document does not clearly demonstrate validation from a broader range of primary stakeholders or quantify the percentage, placing it in the 40%-59% range.","The student demonstrates a strong connection between design requirements and prior research and stakeholder input, earning a score of 4 for C1. The requirements are well listed and prioritized with reasonable detail, meriting a 4 for C2, and five high-priority requirements are clearly identified, justifying a 5 for C3. However, the requirements lack consistent objective and measurable criteria, resulting in a low score of 2 for C4. The requirements are well aligned to lead to a viable solution, scoring 4 for C5, but stakeholder validation is limited to two groups without broader evidence, earning a 3 for C6. To improve, the student should develop more objective and measurable criteria for each requirement, expand stakeholder validation to include more groups or evidence, and provide deeper elaboration on how research directly informs each requirement. Additionally, clarifying the prioritization rationale and enhancing specificity would strengthen the overall presentation and justification.",3.666666667
Case009_025220.docx,,,0,2,5,2,2,0,1,4,5,2,4,0,,,,,,,,,,,,"The design requirements mention some context about the ecosystem and weather conditions, but there is no explicit linkage or reference to prior research or documented evidence supporting these requirements. | The requirements are clearly listed and prioritized into high and low priority categories, and most are generally clear and detailed. However, some requirements lack full specificity or measurable detail, preventing a top score. | Five design requirements are explicitly identified as high priority, meeting the highest rubric threshold. | While some requirements imply measurable aspects (e.g., weather resistance, soil looseness), most are stated in subjective or qualitative terms without clear objective or measurable criteria. | The design requirements are likely to lead to a tangible and viable solution, focusing on safety, durability, soil condition, and accurate measurement, but some requirements are somewhat general, limiting a top score. | There is no evidence in the document that the requirements have been validated by any primary stakeholder groups.","The portfolio demonstrates a clear listing and prioritization of design requirements, earning a strong score of 4 for C2 and a top score of 5 for identifying five high-priority requirements (C3). However, the connection to prior research is minimal or absent, resulting in a low score of 1 for C1. The requirements lack consistent objective and measurable criteria, reflected in a low score of 2 for C4, which limits the ability to rigorously evaluate success. The requirements are generally well aligned to lead to a viable solution, meriting a score of 4 for C5, but the absence of any stakeholder validation evidence leads to a zero for C6. To improve, the student should explicitly link requirements to prior research or data sources to strengthen C1, develop measurable and objective criteria for each requirement to raise C4, and seek input or validation from relevant stakeholders to address C6. Additionally, enhancing specificity and clarity in some requirements would help achieve the highest scores and better support solution development.",2.666666667
Case010_323320.docx,,,3,2,3,3,2,0,3,3,5,2,4,1,,,,,,,,,,,,"The design requirements reference prior research sources (Element B Source 1, Source 4, and Source A) to justify some requirements, indicating a general connection to prior research. However, the linkage is uneven and not comprehensive across all requirements, so it meets the 40%-59% range. | Seven design requirements are listed and prioritized with labels of HIGH priority for the first five. The prioritization is present but somewhat inconsistent in clarity and detail, with some requirements vague or lacking specificity, such as #5 and #6. This fits the description of generally clear and somewhat detailed. | Five design requirements are explicitly identified as HIGH priority (#1 through #5), meeting the rubric's threshold for a score of 5. | Most requirements lack clear, objective, and measurable criteria. For example, 'balloons pop when detecting fire' and 'alarm goes off' are stated but without measurable thresholds or testable parameters. Some attempt at measurability is present but inconsistent and vague, warranting a score of 2. | The requirements are clearly connected to tangible solutions such as fire suppression, alarm activation, and fire department response. They are likely to lead to viable solutions, though some requirements (e.g., #5) are more general and less solution-specific, so the score is 4 rather than 5. | There is mention of sharing design requirements with primary stakeholders for validation, but no actual evidence, feedback, or notes are provided. This minimal mention without proof aligns with 1-19% validation.","The student demonstrates a moderate connection between design requirements and prior research, earning a C1 score of 3, but this linkage could be more comprehensive and explicit. The requirements list is present and prioritized, but some lack clarity and detail, resulting in a C2 score of 3. The student correctly identifies five high-priority requirements, meriting a C3 score of 5. However, the requirements generally lack objective and measurable criteria, reflected in a low C4 score of 2. The design requirements are well aligned with tangible solutions, justifying a C5 score of 4, though some requirements are broad. Stakeholder validation is mentioned but not evidenced, leading to a low C6 score of 1. To improve, the student should explicitly define measurable criteria for each requirement, provide detailed prioritization with clear rationale, include documented stakeholder feedback, and strengthen the linkage between all requirements and prior research. These steps would enhance clarity, rigor, and validation, raising scores across all categories.",3
Case011_334330.pdf,,,3,3,4,3,3,0,2,2,4,1,3,0,,,,,,,,,,,,"The document references prior research only once, in Design Requirement #4, indicating some linkage to prior research but very limited and not comprehensive across all requirements. | Design requirements are listed and prioritized as high priority or not, but the list is incomplete (only four requirements), and some lack specificity and clarity, with inconsistent detail. | Four design requirements are explicitly identified as high priority. | Most requirements are stated in subjective terms without clear, objective, or measurable criteria; no quantifiable metrics or testable conditions are provided. | The requirements have potential to lead to a tangible and viable solution, but the connection is not strongly or explicitly developed. | There is no evidence of validation or representation of needs from any primary stakeholder groups.","The portfolio shows limited connection to prior research (C1 score 2), with only one requirement referencing it, indicating a need for broader research integration. The design requirements are listed and prioritized (C2 score 2), but the list is short and some requirements lack clarity and detail, suggesting the student should expand and better specify these. Four requirements are identified as high priority (C3 score 4), which is a strength. However, the requirements are mostly subjective and lack measurable criteria (C4 score 1), so the student should define clear, objective, and testable metrics for each requirement. The requirements have some potential to lead to a viable solution (C5 score 3), but stronger linkage and feasibility discussion would improve this. There is no evidence of stakeholder validation (C6 score 0), so the student should engage with primary stakeholders to confirm and refine requirements. To improve, the student should incorporate more comprehensive prior research, expand and clarify the requirements list with measurable criteria, explicitly connect requirements to feasible solutions, and validate the requirements with stakeholders.",2
Case012_535440.pdf,,,5,3,5,4,4,0,5,5,5,5,5,4,,,,,,,,,,,,"The design requirements are explicitly linked to prior research and stakeholder input, with citations provided for safety practices and bite force data, demonstrating comprehensive integration of relevant background information. | The requirements are clearly listed in descending order of importance, prioritized explicitly as high priority, and detailed with specific criteria and explanations, showing a well-structured and thorough presentation. | Six design requirements are identified as high priority, exceeding the rubric's threshold for the highest score of five high-priority requirements. | The requirements are consistently objective and measurable, with clear metrics such as bite force in PSI, cleaning time limits, weight and volume constraints, and quantifiable definitions of deformation. | Each requirement is clearly connected to a tangible and viable solution, addressing safety, cleanability, durability, and usability in ways that directly inform design decisions and ensure functionality. | There is evidence of validation from primary stakeholders, including direct communication with zoo personnel and alignment with their goals, but the exact percentage of stakeholder groups represented is not quantified, supporting a strong but not highest-level score.","The submission demonstrates exceptional linkage of design requirements to prior research and stakeholder input, earning a top score of 5 for C1. The requirements are clearly prioritized, detailed, and well-structured, justifying a 5 for C2. With six high-priority requirements identified, C3 also receives a 5. The criteria are consistently objective and measurable, meriting a 5 for C4. The requirements are strongly connected to feasible, tangible solutions, supporting a 5 for C5. For C6, while stakeholder validation is evident through direct communication and alignment with their needs, the lack of explicit quantification of stakeholder groups results in a score of 4. To improve, the student could explicitly quantify the number or percentage of primary stakeholder groups involved to achieve a perfect C6 score. Additionally, including more diverse stakeholder perspectives or documented feedback would strengthen validation. Clarifying any assumptions or limitations in the cited research and expanding on how each requirement was prioritized could further enhance the rigor and transparency of the design process.",4.833333333
Case013_445442.docx,,,4,4,5,4,4,2,3,3,5,3,4,2,,,,,,,,,,,,"The design requirements include some explanation of how they relate to prior research, but these connections are generally brief and not deeply developed or explicitly detailed for all requirements. | The requirements are listed and prioritized with high and low priority labels, but the prioritization is somewhat inconsistent and the clarity/detail level varies; some requirements are clear and detailed, others are less so. | Five design requirements are explicitly identified as high priority, meeting the highest rubric threshold. | Most requirements are generally objective and measurable (e.g., detection within 2 seconds, pump activation within 4 seconds), but some lack precise measurable criteria or use vague language, so the measurability is not consistent throughout. | The design requirements clearly support a tangible and viable fire detection and suppression solution, with direct links to system functions, though some explanations are brief and could be more robust. | There is evidence of validation from a single primary stakeholder (referred to as 'he'), but no indication of multiple stakeholder groups or broader validation.","The student’s portfolio demonstrates an adequate connection of design requirements to prior research (C1 score 3), though these links could be more thoroughly explained and supported. The requirements are listed and prioritized with some clarity (C2 score 3), but the prioritization and detail vary, and some requirements could be more specific. The student successfully identifies five high-priority requirements (C3 score 5), which is commendable. While many requirements are objective and measurable, inconsistencies and vague phrasing reduce the overall measurability score to 3 (C4). The requirements are well aligned to a viable fire detection and suppression solution, earning a strong score of 4 for leading to solution (C5). However, stakeholder validation is limited to a single individual, resulting in a low score of 2 for primary stakeholder validation (C6). To improve, the student should deepen the explanation of how each requirement ties to prior research, enhance the clarity and specificity of all requirements, ensure all are objectively measurable with clear metrics, and seek validation from multiple primary stakeholders to strengthen the design’s relevance and credibility.",3.333333333
Case014_115220.pdf,,,1,1,5,2,2,0,2,4,5,3,4,0,,,,,,,,,,,,"The design requirements reference some prior research or existing designs (e.g., Cooper and Abel's weight, patent for locking mechanism), but this linkage is minimal and not well developed or explicitly connected to a broad range of prior research. This corresponds to 20%-39% of requirements related to prior research. | The design requirements are clearly listed and prioritized into high and low priority groups, and they are generally clear and detailed. However, some requirements could be more specific or better structured to reach the highest level. | Five design requirements are explicitly identified as high priority, meeting the highest rubric level. | Several requirements include measurable criteria (e.g., legs not moving more than 1cm, fixable in less than 1 minute), but others are more subjective or lack clear metrics (e.g., replicability, aesthetics). Overall, the requirements are generally objective and measurable but not consistently so. | The design requirements are likely to lead to a tangible and viable solution, as they address key functional and usability issues. The connection to solution is clear but could be more explicitly tied to implementation details to reach the highest level. | There is no explicit evidence that the design requirements have been validated by any primary stakeholder groups; no mention of stakeholder feedback or validation is present.","The design requirements show some connection to prior research, such as referencing existing designs and patents, but this linkage is limited, resulting in a C1 score of 2. The requirements are well listed and prioritized into high and low categories with reasonable clarity and detail, earning a C2 score of 4. The student clearly identifies five high-priority requirements, meriting a top score of 5 for C3. While some requirements include measurable criteria, others remain subjective or vague, leading to a moderate C4 score of 3. The requirements are generally well aligned to produce a viable solution, but stronger explicit ties to implementation would improve C5 to a 5; currently, it scores 4. There is no evidence of stakeholder validation, so C6 scores 0. To improve, the student should explicitly link all requirements to comprehensive prior research, enhance measurability by defining clear metrics for all requirements, and provide evidence of stakeholder involvement or validation. Additionally, clarifying how each requirement directly informs the design solution would strengthen the overall justification and feasibility of the design.",3
