filename,SubmissionYear,source_type,text,C1__expert,C2__expert,C3__expert,C4__expert,C5__expert,C6__expert,C1,C2,C3,C4,C5,C6,C1_flag,C2_flag,C3_flag,C4_flag,C5_flag,C6_flag,C1_rationale,C2_rationale,C3_rationale,C4_rationale,C5_rationale,C6_rationale,narrative_feedback,element_score_raw,expert_score,fractional_part,score_type,band_center_distance,selection_year,selection_band
Case003_555550.pdf,2025,,,2,3,3,2,4,1,2,4,3,2,4,1,,,,,,,"The design requirements reference a stakeholder, Mr. Hanna, and some zoo visits, indicating some prior research, but the linkage is limited and not comprehensive. The document does not clearly relate 20%-39% or more of the requirements to prior research.","The design requirements are listed and prioritized into high, medium, and low priority categories, and generally clear with some detail. However, some requirements lack full specificity or measurable detail, preventing a top score.","The document explicitly identifies five high-priority requirements but only three are clearly described as high priority (three segments, handles, locking gate, weight management, visibility). The text explicitly labels five items as high priority, so score 5 would be justified, but the clarity and explicitness of all five as high priority is somewhat uneven, so a conservative 3 is appropriate.","Some requirements include measurable elements (e.g., box dimensions, number of handles), but many are vague or subjective (e.g., 'sturdy and comfortable handles', 'easy to clean'). Measurability is inconsistent and often implied rather than clearly defined.","The requirements are likely to lead to a tangible and viable solution, with modular boxes, locking gates, and handles clearly supporting a feasible design. The connection to solution is strong but not fully comprehensive or detailed enough for a 5.","There is evidence of validation from one primary stakeholder group (Mr. Hanna, assistant curator), but no indication of multiple primary stakeholder groups or broader validation.","The portfolio shows some linkage of design requirements to prior research, primarily through a single stakeholder, earning a C1 score of 2. The requirements are well organized and prioritized into high, medium, and low categories, justifying a C2 score of 4, though some lack full specificity. While five high-priority requirements are mentioned, only three are clearly emphasized, resulting in a C3 score of 3. Measurability is inconsistent, with some objective criteria but many subjective terms, leading to a C4 score of 2. The requirements are well connected to a viable solution, meriting a C5 score of 4, but the evidence of validation is limited to one stakeholder group, so C6 scores 1. To improve, the student should explicitly link more requirements to prior research or multiple sources, enhance measurability by defining clear, testable criteria for each requirement, clarify and consistently emphasize all high-priority requirements, and seek validation from additional primary stakeholders to strengthen the design justification and stakeholder representation.",2.666666667,2.5,0.5,half,0,2025,3-Feb
Case005_245343.pdf,2025,,,2,3,4,2,4,3,2,4,5,2,4,3,,,,,,,"The design requirements include rationales that imply some prior research or understanding of user needs, but explicit linkage to prior research is minimal and vague, indicating only partial fulfillment.","Requirements are clearly listed and prioritized into high and low priority categories, with generally clear and detailed descriptions, though some could be more specific.",Five design requirements are explicitly identified as high priority.,"Some requirements include measurable elements (e.g., lasting 4-6 years, under $150), but many rely on subjective terms like 'nice environment' or 'engaged,' indicating only occasional objectivity and measurability.","The requirements are likely to lead to a tangible and viable solution, as they focus on safety, durability, adaptability, and usability, but some requirements are somewhat general, limiting full clarity.","There is evidence of stakeholder validation from discussions with primary stakeholders, but the extent is described in general terms without quantification, suggesting moderate representation.","The design requirements show some connection to prior research or user needs but lack explicit, well-documented evidence, resulting in a C1 score of 2. The requirements are well organized and prioritized, earning a strong C2 score of 4, with five high-priority requirements clearly identified (C3=5). However, many requirements are only partially objective or measurable, leading to a modest C4 score of 2. The requirements are generally well aligned to produce a viable solution, meriting a C5 score of 4, though some could be more specific to strengthen this link. Stakeholder validation is present but not quantified or deeply detailed, so C6 is scored 3. To improve, the team should explicitly reference prior research to strengthen C1, enhance measurability by defining clear metrics for engagement and aesthetics to raise C4, and provide more detailed evidence of stakeholder involvement with quantifiable feedback to improve C6. Additionally, refining some requirements to be more specific and testable would further solidify the solution’s feasibility and clarity.",3.333333333,3,0,integer,0.5,2025,4-Mar
Case006_000300.pdf,2025,,,1,2,1,2,2,1,1,2,1,2,3,1,,,,,,,"The document mentions that the AI requirements relate to reducing medical staff workload and references FDA approval of similar AIs, implying some prior research, but this connection is minimal and not explicitly developed or detailed.","Several design requirements are listed, such as workload reduction, image reading capability, consistency, and adaptability, but there is no clear prioritization or detailed structure, and some requirements lack specificity.",Only one design requirement is clearly identified as high priority—the reduction of medical staff workload; other requirements are mentioned but not explicitly prioritized as high priority.,"Some requirements include measurable elements, like a 20% workload reduction over six months, but many are vague or subjective, such as consistency and adaptability without clear metrics.","The requirements have potential to lead to a tangible solution, as indicated by the mention of a hit or miss scale and FDA approval, but the explanation is limited and lacks depth to confirm strong feasibility.","There is minimal evidence of stakeholder validation; the document only states that similar AIs have FDA approval, which implies some stakeholder involvement but does not demonstrate direct validation of these specific requirements by multiple primary stakeholder groups.","The evaluation of Element C reveals several areas needing improvement. For C1, the linkage to prior research is minimal and should be explicitly detailed to strengthen the foundation of the design requirements. In C2, while multiple requirements are listed, they lack clear prioritization and sufficient detail; organizing and prioritizing these requirements explicitly would enhance clarity. C3 shows only one high-priority requirement identified; the student should clearly mark at least three to five high-priority requirements to meet higher rubric levels. Regarding C4, measurable criteria are inconsistently applied; defining objective, quantifiable metrics for all requirements would improve measurability. For C5, the potential to lead to a viable solution is present but underdeveloped; elaborating on how each requirement directly supports solution feasibility would be beneficial. Lastly, C6 demonstrates minimal stakeholder validation; including evidence of direct feedback or validation from multiple primary stakeholder groups would strengthen this aspect. To improve, the student should explicitly connect requirements to prior research, clearly prioritize and detail requirements, define measurable criteria consistently, deepen the justification of solution viability, and provide concrete stakeholder validation evidence.",1.666666667,1.5,0.5,half,0,2025,2-Jan
Case014_133312.docx,2025,,,3,3,4,4,4,3,3,4,4,4,5,3,,,,,,,"The design requirements are related to prior research in a general sense, referencing the importance of soil moisture for plant health and water usage, but the linkage to specific prior research or detailed literature is not explicit or comprehensive.","The requirements are listed, prioritized (high and low priority), generally clear, and detailed with explanations for each, but the fifth requirement is presented with a formatting issue (number 5 on a new line), and some details could be more specific.","Four design requirements are explicitly identified as high priority: Accurate Soil Moisture Detection, Real-Time Feedback System, Power Supply Stability, and Ease of Use (though Ease of Use is described as low priority, so only three are clearly high priority). However, the text states Ease of Use and Cost Effectiveness are low priority, so only three high-priority requirements are clearly identified, which corresponds to a score of 3. But since the rubric requires exact counts, and only three are high priority, score is 3.","Most design requirements are objective and measurable, such as accuracy within 10%, real-time feedback via LED, and stable power supply. Some requirements like Ease of Use and Cost Effectiveness are less measurable but overall the requirements are nearly always objective and measurable.","The design requirements clearly would be highly likely to lead to a tangible and viable problem solution, as they focus on core functional aspects (accuracy, feedback, power stability) essential for the system's success.","There is evidence of validation from primary stakeholder groups (casual gardeners and students) with informal feedback from instructor and classmates, but this is limited and informal, representing about 40%-59% of primary stakeholder groups, matching a score of 3.","The student document demonstrates a generally adequate connection of design requirements to prior research (C1=3), though it lacks explicit citations or detailed linkage to specific studies. The requirements list is well-structured and prioritized with clear explanations, earning a strong score (C2=4), but minor formatting issues and some vagueness in lower-priority items limit a perfect score. Only three requirements are clearly identified as high priority, resulting in a moderate score for C3=3; clearer and more consistent prioritization would improve this. Most requirements are objective and measurable, such as accuracy thresholds and real-time feedback, justifying a near-top score (C4=4). The requirements are well-aligned to produce a viable solution (C5=5), showing strong feasibility. Stakeholder validation is present but informal and limited to a small group, meriting a mid-level score (C6=3). To improve, the student should explicitly reference prior research sources to strengthen C1, clarify and consistently apply prioritization to increase C3, enhance measurability for lower-priority requirements, and seek more formal and diverse stakeholder validation. Additionally, improving formatting and completeness of the requirements list would enhance clarity and professionalism.",3.833333333,3.5,0.5,half,0,2025,4-Mar
Case017_325210.pdf,2025,,,0,3,4,1,4,0,0,3,5,1,4,0,,,,,,,There is no explicit evidence that the design requirements are related to prior research; the document does not reference any research or prior work.,"Design requirements are listed and prioritized into high and low priority categories, generally clear, and somewhat detailed, but some requirements lack specificity and clarity.",Five design requirements are explicitly identified as high priority.,Most design requirements lack objective and measurable criteria; they are described in general terms without quantifiable metrics.,"The design requirements are likely to lead to a tangible and viable problem solution, as they focus on detection, suppression, notification, structural stability, and livability.",There is no evidence that the requirements represent the needs of or have been validated by any primary stakeholder groups.,"The portfolio scores a 0 on C1 because it lacks any reference to prior research or evidence linking the design requirements to existing knowledge. For C2, the requirements are listed and prioritized into high and low categories and are generally clear, but some lack sufficient detail or specificity, resulting in a score of 3. The student clearly identifies five high-priority requirements, earning a 5 for C3. However, the requirements are mostly subjective and lack measurable criteria, leading to a low score of 1 for C4. The requirements are well aligned with a viable solution approach, meriting a 4 for C5. There is no indication that any primary stakeholders were consulted or validated the requirements, so C6 scores 0. To improve, the student should explicitly connect requirements to prior research, add measurable and objective criteria to each requirement, provide more detailed and specific descriptions, and include evidence of stakeholder involvement or validation. These steps would strengthen the rigor and completeness of the design requirements and better support the development of a viable solution.",2.166666667,2,0,integer,0.5,2025,3-Feb
Case039_555555.pdf,2025,,,4,4,4,4,5,3,4,4,5,5,5,3,,,,,,,"The design requirements are clearly related to prior research and consultation with teachers and stakeholders, as evidenced by multiple references to forensic science teachers, engineering teachers, and students. The requirements are well grounded in the context of the blood splatter lab and its constraints, showing a strong connection to prior research, though not explicitly quantified as a percentage.","The requirements are listed and prioritized into high and low importance categories, generally clear, and detailed. However, the prioritization is somewhat implicit and not always consistently structured or explicitly labeled, which prevents a top score.","The document explicitly identifies five high-priority design requirements, including angle adjustment accuracy, secure paper holding, cost limit, ease of reset, and durability, meeting the rubric's highest threshold.","Most design requirements are objective and measurable, with clear metrics such as angle increments, cost limits, time to reset, weight limits, and durability tests described, fulfilling the rubric's criteria for consistent objectivity and measurability.","The requirements are highly likely to lead to a tangible and viable solution, as they directly address core functional needs such as angle adjustment, paper holding, durability, and usability, all critical to the apparatus's success.","There is evidence of validation from one primary stakeholder group (Dr. Kovacs), with some mention of consulting teachers and students, but no clear evidence that 40%-59% or more of primary stakeholder groups have validated the requirements.","The student document demonstrates strong alignment with prior research and consultation, earning a score of 4 for C1, as the requirements are well grounded but not fully quantified. The requirements list is detailed and prioritized, meriting a 4 for C2, though clearer explicit prioritization would improve clarity. The identification of five high-priority requirements is explicit and comprehensive, justifying a top score of 5 for C3. The requirements are consistently objective and measurable, earning a 5 for C4, with clear metrics and testing methods described. The design requirements clearly support a viable solution, also scoring 5 for C5. However, stakeholder validation is limited to one primary group with some informal consultation, resulting in a moderate score of 3 for C6. To improve, the student should explicitly quantify the linkage to prior research, clarify and label prioritization more systematically, expand stakeholder validation to include multiple groups with documented feedback, and ensure all requirements are consistently linked to measurable criteria. These steps would strengthen the rigor and completeness of the design requirements presentation.",4.333333333,4,0,integer,0.5,2025,5-Apr
Case040_455552.pdf,2025,,,4,4,5,4,5,5,5,5,5,4,5,5,,,,,,,"The design requirements explicitly reference prior research and stakeholder input, such as failures in manual scheduling, static timers, and sources like ScienceDirect and ResearchGate, demonstrating 80%-100% linkage to prior research.","The requirements are clearly listed, explicitly prioritized into high and low priority, and detailed with specific criteria and context, fulfilling the highest rubric level.","Five design requirements are explicitly identified as high priority, meeting the rubric's top score for quantity of high-priority requirements.","Most requirements are objective and measurable, such as device power usage in kW, number of devices handled, and time categorization, though some language (e.g., 'plain, understandable language') is less strictly measurable, so not fully consistent.","The requirements clearly and directly support a tangible, viable solution, addressing real problems with dynamic decision-making, user input, and system stability, indicating a comprehensive path to implementation.","There is explicit evidence that requirements were approved by stakeholders and reflect their needs, with multiple references to stakeholder validation, indicating 80%-100% primary stakeholder group representation.","The student demonstrates exceptional linkage of design requirements to prior research and stakeholder input, earning a top score of 5 for C1. The requirements are well-structured, clearly prioritized, and detailed, justifying a 5 for C2. With five high-priority requirements explicitly identified, C3 also scores a 5. While most requirements are objective and measurable, some subjective phrasing prevents a perfect score, resulting in a 4 for C4. The requirements strongly support a viable and tangible solution, meriting a 5 for C5. Stakeholder validation is clearly documented, earning a 5 for C6. To improve, the student could enhance measurability by defining clearer metrics for subjective criteria like language clarity, provide more explicit quantitative validation from multiple stakeholder groups, and include a more formal prioritization framework to strengthen clarity. Additionally, integrating more detailed references to research sources would further solidify the research linkage. These refinements would elevate the work from strong to exceptional across all categories.",4.833333333,4.5,0.5,half,0,2025,5-Apr
Case075_000001.pdf,2025,,,1,1,0,1,1,0,1,1,0,1,2,0,,,,,,,The design requirements are mentioned but there is no explicit connection to prior research or documented evidence of research informing the requirements.,Design requirements are listed in a basic manner but prioritization is only attempted and unclear; the requirements are general and lack detailed specificity.,There is no clear identification or labeling of any design requirements as high priority.,"Some measurements are given, but many requirements lack consistent objective and measurable criteria, and some are vague or subjective.","The design requirements have some potential to lead to a tangible solution, but the descriptions are incomplete and feasibility is not fully established.",There is no evidence that the design requirements have been validated by any primary stakeholder groups.,"The student’s work shows minimal linkage of design requirements to prior research, resulting in a low C1 score of 1. The requirements are listed but lack clear prioritization and detail, earning a C2 score of 1. No requirements are explicitly identified as high priority, so C3 is scored 0. While some measurements are provided, the requirements are inconsistently objective and measurable, meriting a C4 score of 1. The requirements show some potential to lead to a solution but lack completeness and feasibility details, resulting in a C5 score of 2. There is no evidence of stakeholder validation, so C6 is scored 0. To improve, the student should explicitly connect requirements to prior research, clearly prioritize and detail each requirement, identify and label high-priority requirements, and ensure all requirements are objectively measurable. Additionally, involving and documenting feedback from primary stakeholders would strengthen validation and overall design rigor.",0.833333333,0.6666666666666666,0.667,other,0.16666666666666663,2025,0-1
Case077_000110.pdf,2025,,,1,1,0,1,1,0,1,1,0,1,2,0,,,,,,,"The design requirements are listed but there is no explicit connection or reference to prior research, so only minimal evidence of linkage to prior research is present.","Design requirements are listed but prioritization is weak and inconsistent; weights are given but the list lacks clear structure and detailed explanation, making prioritization only attempted and partial.","The document does not explicitly identify any design requirements as high priority; although weights are assigned, no clear labeling or count of high-priority requirements is provided.","Most requirements are stated in subjective or qualitative terms without measurable criteria; for example, 'must last 10 days' is measurable but others like 'automatic' or 'self sufficient' lack clear objective metrics.","The requirements have some potential to lead to a tangible solution as they relate to watering plants and system features, but the lack of clarity and detail weakens the direct connection to a viable solution.",There is no evidence of validation or representation of needs from any primary stakeholder groups in the document.,"The student’s work shows minimal linkage of design requirements to prior research, resulting in a low C1 score of 1. The requirements are listed with some weighting, but prioritization is weak and unclear, earning a C2 score of 1. No requirements are explicitly identified as high priority, so C3 is scored 0. Most requirements lack objective, measurable criteria, reflected in a C4 score of 1. While the requirements relate to the problem, their vague nature limits their ability to clearly lead to a viable solution, meriting a C5 score of 2. Finally, there is no evidence of stakeholder validation, so C6 scores 0. To improve, the student should explicitly connect requirements to prior research, clearly label and justify priority levels, define measurable criteria for each requirement, and document validation from primary stakeholders. Additionally, providing more detailed and structured requirements would strengthen the link to a feasible solution. These steps would enhance clarity, rigor, and the overall quality of the design requirements presentation.",0.833333333,0.6666666666666666,0.667,other,0.16666666666666663,2025,0-1
Case117_010111.pdf,2025,,,2,2,0,1,3,1,2,2,0,1,4,1,,,,,,,"The document states that design requirements are based on stakeholder input and research, but it does not provide explicit evidence or detail linking the requirements directly to prior research, so only limited fulfillment is evident.",Design requirements are listed but lack clear prioritization and some specificity; the list is somewhat general and does not show a structured or detailed prioritization.,"The document does not explicitly identify or label any design requirements as high priority, so no high-priority requirements can be counted.","The requirements are mostly subjective and lack measurable criteria; terms like 'compact yet spacious,' 'durability,' and 'visually appealing' are not objectively defined or measurable.","The design requirements are clearly related to a tangible and viable solution for an organizer, addressing space, compartments, durability, aesthetics, and sustainability, making it likely to lead to a viable solution.","There is mention of stakeholder input but no evidence of validation by multiple primary stakeholder groups or quantification of such validation, indicating minimal evidence.","The submission shows limited linkage of design requirements to prior research, earning a score of 2 for C1, as the connection is mentioned but not explicitly demonstrated. The requirements are listed but lack clear prioritization and detail, resulting in a C2 score of 2. No requirements are explicitly identified as high priority, so C3 is scored 0. Most requirements are subjective and lack measurable criteria, meriting a low C4 score of 1. However, the requirements are well aligned with a tangible and viable solution, justifying a C5 score of 4. Stakeholder validation is minimally evidenced, with only a general mention of input, leading to a C6 score of 1. To improve, the student should explicitly link requirements to prior research with citations or summaries, clearly prioritize and detail each requirement, identify and label high-priority requirements, and define measurable criteria for each. Additionally, documenting validation from multiple primary stakeholder groups would strengthen the submission. These steps would enhance clarity, rigor, and alignment with rubric expectations.",1.666666667,1.5,0.5,half,0,2025,2-Jan
Case128_044335.pdf,2026,,,3,3,4,2,4,2,3,4,5,2,4,2,,,,,,,"The design requirements are related to prior research, as each requirement includes a brief explanation linking it to research or analogous examples, but these connections are generally superficial and lack depth or comprehensive integration.","The design requirements are listed and prioritized clearly into HIGH and LOW priority categories, with five high-priority requirements explicitly identified. The descriptions are generally clear and detailed, though some could be more specific and formalized.","Five design requirements are explicitly identified as high priority, meeting the highest rubric threshold.","The requirements include some measurable elements (e.g., cost range, accuracy importance), but many are described in subjective or qualitative terms without clear, objective, or testable criteria, indicating only occasional measurability.","The design requirements are likely to lead to a tangible and viable solution, as they focus on functional aspects such as signaling, contacting people, accuracy, and cost, though some requirements lack detailed feasibility considerations.","There is evidence of validation from at least two primary stakeholders (Mr. Jones and Mr. Gloster), representing roughly 20%-39% of primary stakeholder groups, but the extent and depth of validation are limited.","The portfolio demonstrates a moderate connection between design requirements and prior research (C1=3), with each requirement linked to some research or analogy, though these links could be more thoroughly developed. The requirements are well organized and prioritized, with five high-priority items clearly identified (C2=4, C3=5), showing good structure. However, the measurability of the requirements is limited (C4=2), as many are described subjectively without clear, objective metrics. The requirements are generally likely to lead to a viable solution (C5=4), focusing on practical features, but some lack detailed feasibility analysis. Stakeholder validation is present but minimal, involving only two individuals and limited feedback (C6=2). To improve, the team should develop stronger, more explicit links to prior research, enhance the objectivity and measurability of each requirement with clear criteria, expand stakeholder engagement to include more groups and richer feedback, and provide more detailed feasibility considerations to strengthen the connection to a viable solution.",3.333333333,3,0,integer,0.5,2026,4-Mar
Case132_025220.docx,2026,,,1,4,4,2,4,0,1,4,5,2,4,0,,,,,,,"The design requirements mention some context related to the ecosystem and weather conditions, but there is no explicit linkage to prior research or documented evidence supporting these requirements.","The design requirements are clearly listed and prioritized into high and low priority categories, and they are generally clear and detailed, though some could be more specific.",Five design requirements are explicitly identified as high priority.,"Some requirements include measurable elements (e.g., weather resistance, soil looseness), but many are stated in subjective or qualitative terms without clear objective or measurable criteria.","The design requirements are likely to lead to a tangible and viable solution, focusing on safety, durability, and environmental factors, though some requirements lack detailed feasibility considerations.",There is no evidence that the design requirements have been validated by any primary stakeholder groups.,"The portfolio demonstrates a clear listing and prioritization of design requirements, earning a strong score of 4 for C2 and a full score of 5 for identifying five high-priority requirements (C3). However, the connection to prior research is minimal and not explicitly documented, resulting in a low score of 1 for C1. While some requirements hint at measurable aspects, the overall lack of objective and quantifiable criteria limits the score to 2 for C4. The requirements are generally well aligned with producing a viable solution, meriting a 4 for C5, but the absence of any stakeholder validation is a significant gap, reflected in a zero for C6. To improve, the student should explicitly link requirements to prior research or data sources, incorporate clear, objective, and measurable criteria for each requirement, and seek validation from relevant stakeholders to ensure the design meets real needs. Additionally, expanding on feasibility details and providing more precise metrics would strengthen the justification and clarity of the design requirements.",2.666666667,2.5,0.5,half,0,2026,3-Feb
Case134_545443.pdf,2026,,,4,4,5,5,5,4,5,5,5,5,5,4,,,,,,,"All six design requirements explicitly connect to prior research, with clear explanations linking each requirement to specific findings about student needs, backpack weights, classroom environment, and desk variability, fulfilling the 80%-100% threshold.","The design requirements are clearly listed, explicitly prioritized with five labeled as HIGH priority and two as LOW priority, and each is detailed and clear, meeting the highest standard for structure and specificity.","Five design requirements are explicitly identified as HIGH priority, satisfying the rubric's requirement for the top score.","All design requirements include objective and measurable criteria, such as weight capacity, duration of attachment, material durability, size limits, and color specifications, demonstrating consistent measurability.","The requirements are clearly designed to lead to a tangible and viable solution, addressing attachment security, strength, durability, usability, and aesthetics, all critical for a functional backpack hanger.","There is evidence of primary stakeholder validation from student stakeholders for all requirements, but the document does not specify the number or percentage of distinct primary stakeholder groups involved, making it likely between 60%-79% but not clearly 80%-100%.","This portfolio demonstrates exceptional linkage of design requirements to prior research, earning a top score of 5 for C1. The requirements are well-structured, prioritized, and detailed, justifying a 5 for C2 and C3 with five high-priority items clearly identified. Each requirement is objectively measurable, meriting a 5 for C4, and they collectively support a viable solution, earning a 5 for C5. Stakeholder validation is evident through multiple student quotes, but the lack of clarity on the number of distinct stakeholder groups limits C6 to a 4. To improve, the team should explicitly document the number and diversity of primary stakeholder groups consulted to strengthen C6. Additionally, including more detailed feedback or revisions from stakeholders would enhance validation evidence. Finally, expanding on how the requirements might be tested or verified could further solidify measurability and solution feasibility.",4.833333333,4.5,0.5,half,0,2026,5-Apr
Case139_325233.docx,2026,,,3,4,4,3,4,3,4,4,5,3,4,3,,,,,,,"The design requirements are clearly related to prior research and external sources such as Department of Agriculture guidelines, Feeding America, and Penn State studies, covering approximately 60%-79% of the requirements.","The design requirements are listed, prioritized into high and low priority, generally clear, and detailed with metrics and stakeholder quotes, though some details could be more specific.",Five design requirements are explicitly identified as high priority.,"Most requirements include some measurable metrics, but several rely on subjective language or lack consistent objective measures, making them generally but not consistently objective and measurable.","The design requirements are likely to lead to a tangible and viable problem solution, with clear connections to reducing food waste and meeting stakeholder needs, though some requirements could be more explicitly linked to implementation.","There is evidence of validation from multiple primary stakeholder groups (students), covering approximately 40%-59% of the requirements.","The student portfolio demonstrates a strong connection between design requirements and prior research, earning a C1 score of 4, as multiple credible sources are cited but not all requirements are equally supported. The requirements are well listed and prioritized, meriting a C2 score of 4, though some could benefit from clearer specificity. With five high-priority requirements clearly identified, C3 is scored at 5. However, the measurability of requirements is uneven; while some have clear metrics, others rely on subjective terms, resulting in a C4 score of 3. The requirements are generally well aligned to lead to viable solutions, justifying a C5 score of 4, but stronger explicit links to implementation would improve this. Stakeholder validation is present but limited to a few student voices, so C6 is scored 3. To improve, the student should enhance the objectivity and measurability of all requirements by defining clearer metrics, expand stakeholder validation to include more diverse groups, strengthen the explicit connection between requirements and solution feasibility, and deepen the integration of research to cover all requirements comprehensively.",3.833333333,3.5,0.5,half,0,2026,4-Mar
Case140_435241.docx,2026,,,0,1,0,0,0,0,0,1,0,0,0,0,,,,,,,"The document contains placeholders for design requirements and mentions prior research, but no actual design requirements are written out or explicitly linked to prior research.","Design requirements are listed by number and priority level (high or low), but no actual requirements are provided, so the list is partial and overly general with only headings.","No actual design requirements are stated, so none can be identified as high priority.","No design requirements are written, so none can be assessed as objective or measurable.","Without any stated design requirements, there is no evidence they would lead to a tangible and viable solution.","There is mention of sharing requirements with primary stakeholders for validation, but no evidence of actual validation or feedback is provided.","The submission lacks explicit design requirements and does not demonstrate any linkage to prior research, resulting in a score of 0 for C1. While the document lists placeholders for requirements and prioritizes them as high or low, the absence of actual content leads to a minimal score of 1 for C2. Since no requirements are stated, no high-priority requirements can be identified, so C3 scores 0. Similarly, without concrete requirements, measurability and objectivity cannot be assessed, resulting in a 0 for C4. The lack of requirements also means there is no evidence these would lead to a viable solution, so C5 is scored 0. Finally, although the template suggests sharing with stakeholders, no validation evidence is present, so C6 is 0. To improve, the students should explicitly write out clear, detailed, and measurable design requirements linked to their prior research. They should prioritize these requirements clearly and provide evidence of stakeholder validation, such as feedback notes or revisions. Including objective criteria for each requirement and demonstrating how these lead to a feasible solution would strengthen the portfolio significantly.",0.166666667,0.16666666666666666,0.167,other,0.33333333333333337,2026,0-1
Case166_010230.pdf,2026,,,2,1,2,1,2,1,2,1,2,1,3,1,,,,,,,"The design requirements show some relation to prior research, such as budget estimation and environmental considerations, but this connection is only partial and not well developed or explicitly linked to comprehensive research.","Requirements are listed and some prioritization is attempted (e.g., budget first, then eco-friendliness, maintenance, representation, seating), but the list is partial, lacks clear structure, and many requirements are vague or incomplete.",At least two design requirements are clearly identified as high priority: budget and eco-friendliness. Other requirements are mentioned but not explicitly prioritized as high priority.,"Most requirements are described subjectively without clear, objective, or measurable criteria (e.g., 'within budget' is somewhat measurable but others like 'eco-friendly' and 'easy to maintain' lack specific metrics).","The requirements have potential to lead to a tangible and viable solution, such as budget constraints and eco-friendly plant selection, but the lack of detail and measurability weakens the directness of this connection.","There is minimal evidence of primary stakeholder validation; only one stakeholder (Mr. Sethi) is mentioned regarding budget approval, and some informal comments from other stakeholders are noted but not clearly validated.","The student document demonstrates partial linkage of design requirements to prior research, earning a C1 score of 2, as budget and environmental factors are considered but not deeply connected to research. The requirements list (C2) is weakly structured and vague, meriting a score of 1, with some attempt at prioritization but lacking clarity and detail. For C3, two high-priority requirements are identified, resulting in a score of 2. The requirements are mostly subjective and lack measurable criteria, leading to a low C4 score of 1. While the requirements have potential to guide a viable solution, the lack of specificity limits their effectiveness, so C5 is scored 3. Stakeholder validation is minimal and informal, reflected in a C6 score of 1. To improve, the student should explicitly link requirements to detailed prior research, clearly list and prioritize all requirements with specificity, define objective and measurable criteria for each requirement, and document validation from multiple primary stakeholders. Additionally, expanding on how each requirement directly leads to a feasible solution would strengthen the portfolio.",1.666666667,1.5,0.5,half,0,2026,2-Jan
Case168_010220.pdf,2026,,,2,2,2,2,3,1,2,2,2,2,4,1,,,,,,,"The design requirements show some relation to prior research, such as referencing vending machine placement in other high schools and demand at their own school, but this connection is limited and not well developed, aligning with 20%-39% coverage.","Design requirements are listed and prioritized to some extent (e.g., profit share, placement, access times), but many are incomplete or lack specificity and clear structure, fitting the description of partial and/or lacking detail.",Only two high-priority design requirements are clearly identified: profit share and access times; other requirements are mentioned but not explicitly prioritized as high priority.,"Some requirements are measurable (e.g., access times, profit share), but others rely on subjective terms like 'acceptable times' and 'satisfied by snacks,' indicating only occasional objectivity and measurability.","The requirements are likely to lead to a tangible and viable solution, such as installation and restocking by the company, access control during lunch, and profit sharing, showing a strong connection to a feasible vending machine implementation.","There is minimal evidence of primary stakeholder validation; only one stakeholder group (the school administration or lunch staff) is referenced, and validation is implied but not clearly documented.","The submission earns a score of 2 for C1 because it references prior research but only superficially connects it to design requirements. For C2, the requirements are listed and somewhat prioritized but lack clarity and detail, meriting a 2. In C3, only two high-priority requirements are clearly identified, resulting in a score of 2. The objectivity and measurability of requirements (C4) are inconsistent, with some subjective language present, so a 2 is appropriate. The requirements are well aligned with a viable solution (C5), earning a 4, but evidence of stakeholder validation (C6) is minimal and unclear, scoring a 1. To improve, the student should explicitly link more design requirements to prior research, clearly prioritize and detail all requirements, define measurable criteria for each, and document validation from multiple primary stakeholder groups. Additionally, clarifying and expanding the list of high-priority requirements would strengthen the overall design justification.",2.166666667,2,0,integer,0.5,2026,3-Feb
Case182_055455.pdf,2026,,,4,4,5,5,5,1,5,5,5,5,5,1,,,,,,,"The design requirements explicitly reference prior solutions and research, such as covers attaching to walls, braided cables, hinges, and mounting systems, demonstrating a comprehensive linkage to prior research for all requirements.","The requirements are clearly listed, explicitly prioritized into high priority and low priority/stretch goals, and detailed with specific descriptions and context, showing a well-structured and detailed requirements list.","Five design requirements are explicitly identified as high priority, meeting the rubric's highest threshold.","Each high-priority requirement includes objective and measurable criteria, such as specific angles for chair fitting, impact resistance, visibility, and cable organization, making the requirements consistently objective and measurable.","The design requirements are clearly tied to tangible and viable solutions, such as covers, protective systems, hinges, and mounting adjustments, indicating a high likelihood of leading to a practical problem solution.","There is minimal evidence of primary stakeholder validation; only one stakeholder is referenced, and no explicit validation or multiple stakeholder groups are documented.","The portfolio demonstrates strong linkage to prior research (C1=5) with well-structured, prioritized, and detailed design requirements (C2=5). It clearly identifies five high-priority requirements (C3=5) and defines them with objective, measurable criteria (C4=5), all of which are likely to lead to viable solutions (C5=5). However, stakeholder validation is minimal (C6=1), with only one stakeholder mentioned and no clear evidence of validation across multiple groups. To improve, the student should seek and document validation from additional primary stakeholders to strengthen C6. Including more explicit evidence of stakeholder feedback or interviews would enhance credibility. Additionally, expanding on how the requirements were prioritized with rationale could further solidify C2. Finally, integrating more quantitative data or benchmarks in the measurable criteria could deepen the rigor of C4.",4.333333333,4,0,integer,0.5,2026,5-Apr
Case206_510340.pdf,2026,,,1,2,0,1,2,0,1,2,0,1,3,0,,,,,,,"The document mentions design requirements related to animal welfare and staff needs, implying some prior research, but does not explicitly link requirements to prior research or provide evidence of research basis.","Design requirements are listed and somewhat detailed, such as lightweight materials, climbing areas, and observation points, but there is no clear prioritization or structured list, and some requirements lack specificity.","The document does not explicitly identify or label any design requirements as high priority, so no high-priority requirements can be counted.","Most requirements are described in subjective terms (e.g., 'small parts,' 'spacious,' 'safe resting') without measurable or objective criteria, indicating insufficient measurability.","The requirements have potential to lead to a tangible and viable solution, such as disassemblable structure and climbing areas, but the lack of measurable criteria and prioritization weakens the directness of this connection.",There is no explicit evidence that the requirements have been validated by any primary stakeholder groups.,"The portfolio scores low on C1 because it lacks explicit linkage of design requirements to prior research, merely implying some background understanding. For C2, while several design requirements are listed and somewhat detailed, the absence of clear prioritization and structured presentation limits the score. No high-priority requirements are identified, resulting in a zero for C3. The requirements are mostly subjective and lack measurable criteria, leading to a low score on C4. However, the requirements do show potential to guide a viable solution, earning a moderate score on C5. Finally, there is no evidence of stakeholder validation, so C6 scores zero. To improve, the student should explicitly connect requirements to prior research, clearly list and prioritize all design requirements, and define objective, measurable criteria for each. Additionally, identifying and labeling high-priority requirements and documenting stakeholder input or validation would strengthen the portfolio significantly.",1.166666667,1,0,integer,0.5,2026,2-Jan
