filename,source_type,text,E1__expert,E2__expert,E3__expert,E4__expert,E5__expert,E1,E2,E3,E4,E5,E1_flag,E2_flag,E3_flag,E4_flag,E5_flag,E1_rationale,E2_rationale,E3_rationale,E4_rationale,E5_rationale,narrative_feedback,element_score_raw
Case001_55555.pdf,,Placeholder text for scoring.,5,5,5,5,5,5,5,4,4,4,,,,,,,,,,,"The design document excels in applying STEM principles to the design requirements, particularly in areas like durability and safety, which are well-supported by relevant concepts such as Newton's Laws and spatial reasoning. The substantiation of the proposed solutions is also strong, effectively linking energy transfer and animal behavior science to the design's functionality. However, while expert reviews are present, the depth of feedback could be improved, and more detailed credentials for the experts would enhance credibility. To strengthen the document further, consider providing more specific examples of how expert feedback directly influenced design changes. Additionally, elaborating on the implementation of suggested adjustments would provide clearer evidence of the verification process.",4.4
Case002_21222.pdf,,Placeholder text for scoring.,2,1,2,2,2,2,1,2,2,2,,,,,,,,,,,"The design portfolio demonstrates an initial attempt to apply STEM principles, particularly in the context of technology and engineering. However, the explanations provided are often vague and lack the necessary detail to clearly connect STEM concepts to specific design requirements. For instance, while the use of Arduino is mentioned, there is no elaboration on how this technology directly impacts the design process or outcomes. Additionally, the proposed solutions do not adequately reflect a strong application of STEM principles, as they fail to provide concrete examples or justifications for the choices made.

The expert review section is also underdeveloped, with only one expert cited and minimal details about their feedback. To strengthen this portfolio, it is recommended to include more specific examples of how STEM principles were applied in the design process, as well as to document the expert review more thoroughly, including multiple experts with relevant credentials. Furthermore, providing clear evidence of how expert feedback influenced design decisions would enhance the overall rigor of the project.",1.8
Case003_55434.pdf,,Placeholder text for scoring.,5,5,4,3,4,4,4,3,3,4,,,,,,,,,,,"The application of STEM principles in your design requirements is commendable, particularly in how you articulate the role of circuits and coding logic in the RFID system and MATLAB interface. Your explanations are specific and demonstrate a solid understanding of the engineering design process, which strengthens your justification for each requirement. However, while the expert review provides some valuable insights, it lacks detailed evidence of how the feedback was applied to improve the design. To enhance this section, consider including more specific examples of the expert's critiques and how they directly influenced your design decisions. Additionally, while the credentials of the expert are mentioned, providing more context about their experience could strengthen your argument. Overall, your work is strong, but addressing these areas could elevate the quality of your project.",3.6
Case004_22453.pdf,,Placeholder text for scoring.,2,2,4,5,3,3,2,2,2,2,,,,,,,,,,,"The application of STEM principles in the design requirements shows some understanding, particularly in the areas of mathematics and engineering, but lacks depth and specificity, resulting in a score of 3 for E1. The proposed solutions mention relevant STEM concepts, yet the connections to design decisions are not well articulated, leading to a score of 2 for E2. Expert reviews are referenced, but the lack of detailed feedback and clear documentation limits their effectiveness, resulting in scores of 2 for both E3 and E4. To improve, the team should provide more specific examples of how STEM principles directly influence design decisions, enhance the clarity and detail of expert feedback, and ensure that expert qualifications are thoroughly documented. Additionally, incorporating actionable insights from expert reviews into the design process would strengthen the overall project.",2.2
Case005_32333.pdf,,Placeholder text for scoring.,3,2,3,3,3,3,3,1,1,2,,,,,,,,,,,"The application of STEM principles in the design requirements shows a foundational understanding, but the explanations are somewhat superficial, particularly in E1. While three high-priority design requirements are identified, the connections to STEM concepts could be more explicitly articulated to strengthen the rationale behind design choices. In E2, the justification for the proposed solutions is present but lacks depth, which diminishes its effectiveness. The expert review section is notably weak, as it only references one expert without sufficient detail on their qualifications or the feedback provided. To improve, the student should seek additional expert reviews to enhance credibility and provide more comprehensive feedback. Additionally, expanding on how specific STEM concepts directly influence design decisions would strengthen the overall argument.",2
Case006_54555.pdf,,Placeholder text for scoring.,5,4,5,5,5,5,5,4,2,3,,,,,,,,,,,"The application of STEM principles in the design requirements is notably strong, with clear connections made to electrical and biomedical engineering, among others. This thoroughness is reflected in the high score for E1, as the student articulates how each principle directly impacts safety and functionality. Similarly, E2 showcases a robust justification for design decisions, linking various STEM concepts to the heating pad's operation. However, the expert review section (E3) could be improved by providing more detailed credentials for the second expert, which would enhance the credibility of the feedback. Additionally, while the expert insights are valuable, the implementation of their suggestions lacks depth, as seen in E5. To strengthen the project, the student should consider elaborating on how expert feedback will be integrated into the design process and ensure that all experts are clearly qualified.",3.8
Case007_32454.pdf,,Placeholder text for scoring.,3,2,4,5,4,3,2,2,2,2,,,,,,,,,,,"The application of STEM principles in the design requirements shows a foundational understanding, but the explanations are often too general to fully convey how these concepts directly impact the design decisions. For instance, while biomimicry is mentioned, the connection to specific design elements is not well articulated. Additionally, the justification for the proposed solutions lacks depth, particularly in how the STEM concepts substantiate the design choices. To improve, the student should provide more detailed explanations and specific calculations where applicable. The expert review process is also underdeveloped; while two experts are referenced, the lack of detailed feedback limits the effectiveness of this section. It would be beneficial to seek more comprehensive insights from experts and document their qualifications more clearly. Overall, enhancing the specificity and depth of both the STEM applications and expert feedback will strengthen the design portfolio significantly.",2.2
Case008_33212.pdf,,Placeholder text for scoring.,3,3,2,1,2,4,4,2,1,3,,,,,,,,,,,"The application of STEM principles in the design requirements is commendable, particularly in how heat transfer and fluid dynamics are integrated into the proposed solutions. The student demonstrates a solid understanding of the scientific concepts that underpin their design, which is reflected in the strong justifications provided. However, the inclusion of specific calculations or data would enhance the substantiation of these solutions. The expert review, while relevant, lacks depth in terms of credentials and the breadth of feedback, which diminishes its impact. To improve, the student should seek additional expert opinions to strengthen the review process and provide more detailed feedback. Additionally, incorporating quantitative data to support design decisions would further solidify the STEM connections made throughout the project.",2.8
Case009_44451.pdf,,Placeholder text for scoring.,4,4,4,5,1,4,4,2,2,1,,,,,,,,,,,"The application of STEM principles in the design is commendable, particularly in the areas of physics and materials science. The discussion on tension and force balance highlights a strong understanding of safety requirements, while the choice of aluminum based on bite strength demonstrates effective material selection. However, the expert review lacks specific feedback, which weakens the overall credibility of the design process. To enhance the evaluation, it would be beneficial to include detailed insights from the expert review, as well as additional expert credentials to support the claims made. Furthermore, providing evidence of verification results would strengthen the substantiation of the design's effectiveness. Overall, while the application of STEM principles is strong, the lack of detailed expert review and verification limits the robustness of the evaluation.",2.6
Case010_21000.docx,,Placeholder text for scoring.,2,1,0,0,0,3,3,1,0,0,,,,,,,,,,,"The submission demonstrates a basic understanding of STEM principles applied to design requirements, particularly in identifying high-priority design requirements. However, the explanations lack depth and specificity, which limits the effectiveness of the STEM justification. For improvement, the student should provide more detailed connections between the identified STEM concepts and the design requirements, including relevant calculations or examples. Additionally, the absence of expert review significantly weakens the submission. The student should seek out qualified experts, document their feedback, and incorporate that feedback into the design process. This would enhance the credibility of the design and provide valuable insights for refinement. Overall, focusing on these areas will strengthen the application of STEM principles in future submissions.",1.4
