filename,source_type,text,L1_expert,L2_expert,L1,L2,L1_flag,L2_flag,L1_rationale,L2_rationale,inferred_requirements,identified_recommendations,valid_project_recommendations,valid_project_recommendations_count,non_counting_recommendations,narrative_feedback,expert_score,element_score_raw
Case001_33.pdf,,Placeholder text for scoring.,3,3,4,2,,,build a stationary tree to lower the risk of the jaguar jumping and swinging on the toy; use better materials such as a more industrial and thinner rope; order a stainless steel chain with the same dimensions as the zinc chain,build a stationary tree to lower the risk of the jaguar jumping and swinging on the toy; use better materials such as a more industrial and thinner rope; order a stainless steel chain with the same dimensions as the zinc chain,3,keep the bucket base because it was easy to alter and cheap; keep the quick link mechanism because it was sturdy and convenient,,"The student provides three specific and detailed ways to improve the project, including building a stationary tree to reduce risk, using better materials like a thinner rope, and ordering a stainless steel chain matching the zinc chain's dimensions. The rationale for these improvements is partially given, such as lowering risk and addressing time constraints affecting material choice. | The implementation plans mention specific materials (industrial thinner rope, stainless steel chain) and a design change (stationary tree), but lack detailed construction methods, measurements, or step-by-step procedures. The rationale is somewhat supported by time constraints but lacks concrete implementation detail.","The student presents several specific and actionable recommendations for improving the project, such as building a stationary tree to reduce the risk of the jaguar jumping and swinging on the toy, and upgrading materials to a more industrial thinner rope and a stainless steel chain matching the original dimensions. These recommendations demonstrate a clear understanding of potential weaknesses in the current design and suggest practical ways to enhance safety and durability. However, the rationale for these improvements, while present, could be strengthened with more detailed engineering reasoning or testing results.

Regarding implementation planning, the student identifies specific materials and a design change but does not provide detailed steps, construction methods, or measurements needed to realize these improvements. This limits the practicality and clarity of how these recommendations would be executed. The reflections on what would be kept are thoughtful but do not count as improvement recommendations.

To enhance the quality of future recommendations, the student should provide more thorough justifications grounded in engineering principles or testing data, include detailed implementation plans with specific construction steps or measurements, and clarify how each improvement addresses identified project challenges. Additionally, distinguishing between reflections and actionable recommendations more clearly would improve focus and scoring potential.","The student presents several clear and project-specific recommendations for improving their design, including building a stationary tree to reduce the risk of the jaguar jumping and swinging on the toy, and upgrading materials such as using a more industrial, thinner rope and a stainless steel chain matching the original zinc chain's dimensions. These suggestions demonstrate thoughtful consideration of the project's weaknesses and are actionable improvements. However, the rationale for these recommendations is somewhat limited, primarily citing time constraints and risk reduction without deeper engineering analysis or testing results.

Regarding implementation planning, the student identifies specific materials and a design change, which is a positive step toward actionable improvements. Yet, the plans lack detailed construction methods, measurements, or stepwise procedures that would clarify how these improvements would be realized. This limits the practicality and completeness of the implementation strategy.

To strengthen future recommendations, the student should provide more thorough justifications grounded in engineering reasoning or testing data. Additionally, including detailed implementation steps, such as how to construct the stationary tree or specifications for the new materials, would enhance clarity and feasibility. Finally, expanding on potential testing or evaluation methods to validate improvements would further improve the quality of their design recommendations.",3,3
Case002_33.pdf,,Placeholder text for scoring.,3,3,4,2,,,add rails to stop plank from bending and snapping wood; improve magnet mounting method to prevent movement; lengthen outer box and design in a single sketch to avoid warped G-Code; make outer box fillets more pronounced and use bolt-based construction instead of glue; rib the slit for the window to provide structural support,add rails to stop plank from bending and snapping wood; improve magnet mounting method to prevent movement; lengthen outer box and design in a single sketch to avoid warped G-Code; make outer box fillets more pronounced and use bolt-based construction instead of glue; rib the slit for the window to provide structural support,5,,,"The student provides five specific and detailed recommendations for improving the project, each addressing a particular design or construction issue. However, only one recommendation includes a partial rationale (rails to prevent bending and snapping), while others lack explicit justification. | The implementation plans are partially detailed and somewhat general. The student mentions methods such as using more magnets, designing in a single sketch, and bolt-based construction, but does not provide concrete steps, materials, measurements, or testing procedures.","The student presents five clear and specific recommendations for improving the engineering project, demonstrating a good understanding of design weaknesses such as structural support, magnet stability, and construction methods. These recommendations are actionable and directly related to the project components, which strengthens their relevance. However, only one recommendation includes a rationale explaining why the change is necessary, limiting the overall justification for the improvements.

Regarding implementation planning, the student offers some general ideas, such as using more magnets or bolt-based construction, but lacks detailed steps, materials, or technical procedures that would guide actual implementation. This limits the practicality and clarity of how these improvements could be realized. The absence of testing or measurement details further weakens the implementation plans.

To enhance the quality of recommendations, the student should provide explicit rationales for each improvement, explaining the impact on project performance or durability. Additionally, including detailed implementation steps, specific materials, and testing methods would make the plans more actionable. Clarifying dimensions or construction techniques and describing how to verify improvements would also strengthen the recommendations and their execution.","The student presents five clear and specific recommendations for improving the engineering project, demonstrating a good understanding of design challenges such as structural support, magnet mounting, and construction methods. These recommendations are actionable and directly related to the project components, which strengthens their relevance. However, only one recommendation includes a rationale explaining why the change is necessary, limiting the overall justification for the improvements.

Regarding implementation planning, the student offers some general ideas, such as using more magnets or bolt-based construction, but lacks detailed steps, materials, or technical procedures that would guide actual implementation. This limits the practicality and clarity of how these improvements could be realized. The absence of testing or measurement details further weakens the implementation plans.

To enhance the quality of recommendations, the student should provide explicit rationales for each improvement, explaining the benefits or problems addressed. Additionally, including detailed implementation plans with specific materials, construction methods, and testing procedures would make the recommendations more actionable. Clarifying dimensions or step-by-step modification processes would also improve the feasibility of the proposed changes.",3,3
Case003_33.pdf,,Placeholder text for scoring.,3,3,5,2,,,organize and document code more thoroughly; compare multiple material and hardware choices; conduct additional testing with a larger group; improve data collection and analysis; spend more time comparing different materials; organize code better from the beginning; test the prototype more often and gather feedback throughout,"organize and document code more thoroughly; compare multiple material and hardware choices to determine reliability, cost-effectiveness, and user-friendliness; conduct additional testing with a larger group of students and teachers; improve data collection and analysis to better understand bathroom usage patterns; spend more time comparing different materials before choosing a final design; organize code better from the beginning to ease error fixing; test the prototype more often and gather feedback throughout the project",7,"keep the goal of creating a digital bathroom pass system; continue using Arduino and MATLAB because they worked well together; keep the research, testing, and feedback process; more time for testing and troubleshooting would have made the project easier; more experience with Arduino and MATLAB would have helped reduce technical problems; access to more stakeholders and different materials would have provided better feedback and more design options",,"The student provides multiple specific and detailed recommendations for improving the project, including code organization, material and hardware comparisons, expanded testing, and enhanced data collection. Each recommendation is supported by rationale explaining why it is needed, such as improving troubleshooting, determining reliability and cost-effectiveness, and obtaining realistic feedback. | While the student lists several actionable recommendations, the plans for implementation lack concrete detail such as specific materials, step-by-step methods, or precise testing procedures. The suggestions remain somewhat general (e.g., 'organize code better,' 'compare materials,' 'test more often') without detailed strategies or technical specifics to guide implementation.","The student presents a strong set of project improvement recommendations that are specific and clearly tied to the engineering design. These include organizing and documenting code more thoroughly, comparing multiple materials and hardware options, conducting broader testing with stakeholders, and enhancing data collection and analysis. Each recommendation is justified with a rationale explaining its importance, such as facilitating troubleshooting, improving reliability and cost-effectiveness, and obtaining realistic user feedback. This demonstrates thoughtful reflection on the project’s weaknesses and potential growth areas.

However, the implementation plans for these recommendations are generally vague and lack the detailed, actionable steps needed to guide future work effectively. The student does not specify particular materials, construction methods, or testing protocols, which limits the practicality of the plans. To improve, the student should provide concrete details such as how to organize code (e.g., modular programming, commenting standards), specific materials to test, or structured testing procedures with defined metrics. Additionally, outlining step-by-step actions or timelines would strengthen the implementation section.

Overall, the recommendations are well-conceived and justified, but the student should focus on enhancing the specificity and detail of implementation plans to make future improvements more feasible and measurable.","The student presents a strong set of specific and detailed recommendations for improving the engineering project. These include improving code documentation, comparing materials and hardware choices, expanding testing groups, and enhancing data collection and analysis. Each recommendation is supported by clear rationale, demonstrating an understanding of why these changes would benefit the project’s reliability, usability, and effectiveness. This level of specificity and justification reflects thoughtful reflection on the project’s challenges and potential growth areas.

However, the implementation plans for these recommendations are generally broad and lack detailed, actionable steps. While the student identifies what should be improved, the descriptions of how to carry out these improvements are vague or overly general. For example, suggestions to organize code better or test more frequently do not include concrete methods, timelines, or technical procedures. This limits the practicality and clarity of the improvement plans.

To enhance the quality of future recommendations, the student should provide more detailed implementation strategies, such as specifying coding standards, outlining testing protocols, or identifying particular materials and methods for comparison. Including step-by-step actions, measurable goals, or technical details would strengthen the plans’ feasibility and clarity. Additionally, linking recommendations more explicitly to observed project issues or test results would further justify their necessity.",3,3.5
Case004_55.pdf,,Placeholder text for scoring.,5,5,5,4,,,create a fully automated database system with permanent storage; add multiple RFID scanners around the school; develop a mobile or web-based interface for remote access; add security features such as administrator logins or encrypted RFID data; redesign the registration system to use graphical menus; implement automatic data saving to spreadsheet files after every scan; expand testing plan to include stress testing with many students; add additional error handling to prevent duplicate registrations and invalid scans; add a second RFID reader to track departures and arrivals automatically,create a fully automated database system that stores all student pass records permanently instead of only during the current MATLAB session; add multiple RFID scanners around the school to track each stage of a student’s movement automatically; develop a mobile or web-based interface so teachers and administrators can access the pass system remotely; add security features such as administrator logins or encrypted RFID data to improve privacy and reduce unauthorized use; redesign the registration system to use graphical menus instead of command window inputs; implement automatic data saving to spreadsheet files after every scan to prevent data loss; expand the testing plan to include stress testing with many students scanning consecutively; add additional error handling to prevent duplicate student registrations and invalid RFID scans; add a second RFID reader to test tracking of both departures and arrivals automatically,9,keep the RFID-based student identification system because it was effective; keep the use of MATLAB combined with Arduino Uno; keep the predefined destination list to reduce user input errors; keep the iterative testing process to identify bugs; keep the simple user interface and registration system because stakeholders found it easy to use; more experience with serial communication would have made the project easier; better documentation for integrating the RFID library would have reduced troubleshooting; having access to additional RFID readers and tags earlier would have helped; more time for prototype testing would have allowed deeper analysis; creating detailed wiring diagrams and software flowcharts earlier would have improved organization,,"The student provides multiple specific and detailed recommendations for improving the project, including technical enhancements such as permanent data storage, multiple RFID scanners, remote access interfaces, security features, improved registration UI, automatic data saving, expanded testing, error handling, and additional hardware. Each recommendation is clearly described and justified with rationale related to system functionality, data management, accountability, privacy, usability, and reliability. | The student offers generally detailed implementation plans for many recommendations, such as using cloud storage or a school-wide server, employing MATLAB App Designer for graphical menus, saving data to spreadsheet files after each scan, and expanding testing to stress scenarios. However, some plans lack full step-by-step detail or specific technical methods, and a few recommendations have minimal implementation detail.","The student presents a strong set of specific and well-justified recommendations for improving the RFID-based student pass system. These include enhancing data storage with permanent databases, expanding hardware coverage with multiple scanners, developing remote access interfaces, and improving security features. The recommendations are clearly tied to practical benefits such as improved data management, accountability, privacy, and usability, demonstrating thoughtful engineering reasoning.

Implementation plans are generally detailed and actionable, with concrete suggestions like using MATLAB App Designer for UI improvements and automatic data saving to spreadsheets. The inclusion of stress testing and error handling plans further strengthens the approach. However, some implementation details could be expanded with more precise technical steps or materials to fully support execution.

To improve, the student could provide more explicit step-by-step procedures for implementing cloud storage and security features, specify technologies or platforms for the mobile/web interface, and detail testing protocols more thoroughly. Additionally, clarifying how multiple RFID scanners would be integrated technically would enhance the plan. Overall, the recommendations and plans are strong but would benefit from deeper technical specificity to facilitate practical implementation.","The student presents a strong set of specific and actionable recommendations for improving the RFID-based student pass system. These include enhancing data storage with permanent databases, expanding hardware coverage with multiple scanners, developing remote access interfaces, and adding security features to protect privacy. The recommendations are well justified with clear rationales addressing system reliability, usability, and administrative needs. Additionally, the student identifies improvements to the registration interface and testing procedures, demonstrating thoughtful consideration of user experience and system robustness.

Implementation plans are generally well developed, with concrete suggestions such as using MATLAB App Designer for UI redesign and automatic data saving to spreadsheets. The inclusion of stress testing and error handling plans further strengthens the practical approach. However, some implementation details could be more precise, such as specifying exact technologies for cloud storage, detailed steps for integrating multiple RFID readers, or comprehensive testing protocols.

To improve, the student could provide more technical specifics in implementation plans, such as software architecture or hardware configurations. Including step-by-step procedures or timelines would enhance clarity. Additionally, linking each recommendation more explicitly to testing results or stakeholder feedback would strengthen justification. Finally, expanding on security feature implementation with concrete methods would improve completeness.",5,4.5
Case005_33.pdf,,Placeholder text for scoring.,3,3,4,3,,,Add LED lights to notify when syrup is low; Organize wires to prevent overheating and malfunction; Make a noticeable signal a higher priority; Improve prototype organization to look neater; Change initial focus to consider temperature and voltage effects; Improve team attitude and approach to the problem,Add LED lights to notify when syrup is low; Organize wires to prevent overheating and malfunction; Make a noticeable signal a higher priority; Improve prototype organization to look neater; Change initial focus to consider temperature and voltage effects,5,Improve team attitude and approach to the problem; Keep Arduino board because it helped with the entire thing; Keep colored wires because they helped connect everything; Keep the team because they worked well together; Complaints about group size and procrastination,,"The student provides multiple specific and detailed recommendations for improving the project, such as adding LED lights for notification, organizing wires to prevent overheating, prioritizing a noticeable signal, and improving prototype neatness. They also justify some recommendations with rationale related to testing results and practical concerns. However, some recommendations lack full technical specificity or detailed justification. | The student offers some implementation details, such as researching how to connect LED lights to the sensor and Arduino board, and mentions wiring organization to prevent overheating. However, the plans are minimally detailed and somewhat general, lacking step-by-step instructions, specific materials, or precise methods. Some implementation ideas are vague or incomplete.","The student presents several clear and specific recommendations to improve their engineering project, including adding LED lights to signal low syrup levels, organizing wiring to prevent overheating, and prioritizing a noticeable signal. These suggestions demonstrate an understanding of practical design challenges and are supported by some rationale, such as concerns about noise disturbance and wiring safety. The student also reflects on testing data, noting the importance of temperature and voltage, which adds depth to their recommendations.

While the recommendations are generally well articulated, the implementation plans lack sufficient detail to fully guide future work. The student mentions researching wiring connections and the importance of lining up wires but does not provide concrete steps, materials, or construction methods. This limits the practicality of the plans and may hinder effective execution. Additionally, some recommendations, like improving prototype neatness, are not accompanied by specific strategies or technical details.

To strengthen future recommendations, the student should focus on providing more comprehensive implementation plans, including step-by-step procedures, specific materials, and testing methods. They should also aim to justify each recommendation with clearer engineering reasoning or data. Finally, avoiding reflective or team-related comments in the recommendations section will help maintain focus on the technical aspects of the project.","The student presents several clear and specific recommendations for improving the engineering project, notably the addition of LED lights to signal low syrup levels, better wire organization to prevent overheating, and prioritizing a noticeable signal. These recommendations are well connected to observed issues and testing results, demonstrating thoughtful reflection on project weaknesses. The rationale for these improvements is generally sound, particularly the concern about avoiding noise disturbance and ensuring circuit safety.

While the recommendations are specific and actionable, the implementation plans are somewhat general. The student mentions researching wiring techniques and the importance of organizing wires but does not provide detailed, step-by-step instructions or technical specifications. This limits the practicality of the plans for someone seeking to replicate or extend the work. Additionally, some recommendations focus more on project management or team dynamics, which, while valuable reflections, do not count as engineering design improvements.

To strengthen future recommendations, the student should include more precise implementation details such as exact wiring methods, materials, or testing procedures. Providing clearer justification linking recommendations to specific test data or stakeholder feedback would also enhance rationale quality. Finally, focusing exclusively on engineering design improvements rather than general reflections will improve clarity and scoring potential.",3,3.5
Case006_54.docx,,Placeholder text for scoring.,5,4,4,4,,,"use a more flexible and durable rubber material; add texture to the bottoms of the protectors to add grip; get more feedback from more athletes; keep the slip on design; keep the overall shape of the design; keep the way of testing with athletes from the school; use thicker, more reliable rubber to increase grip and durability; add adjustable straps attached to the back of the prototype; add more people to testing to collect better data; test in different areas to see if it works everywhere; have access to better materials; have experts help with design; have clearer planning from the beginning; have better tools or equipment for prototype building","use a more flexible and durable rubber material to improve comfort and fit; add texture to the bottoms of the protectors to add grip and safety; use thicker, more reliable rubber to increase grip and durability; add adjustable straps attached to the back of the prototype to improve fit; add more people to testing to collect better data; test in different areas to see if it works everywhere",6,get more feedback from more athletes; keep the slip on design; keep the overall shape of the design; keep the way of testing with athletes from the school; have access to better materials; have experts help with design; have clearer planning from the beginning; have better tools or equipment for prototype building,,"The student provides multiple specific and detailed recommendations for improving the project, such as changing the rubber material to be more flexible and durable, adding texture for grip, and adding adjustable straps. These recommendations are supported by rationale based on testing feedback and safety considerations. However, the rationale is somewhat repetitive and could be more deeply explained. | The student outlines generally detailed plans for implementing improvements, including researching materials, creating new prototypes, adding adjustable straps, expanding testing groups, and testing in different locations. While these plans are actionable and aligned with the recommendations, some details such as specific materials, exact methods, or step-by-step procedures are not fully elaborated.","The student presents several clear and specific recommendations for improving the cleat protectors, including using a more flexible and durable rubber material, adding texture to enhance grip, and incorporating adjustable straps to improve fit. These suggestions are directly tied to testing feedback and safety concerns, demonstrating a thoughtful approach to project improvement. The rationale for these recommendations is generally sound, though it could benefit from deeper explanation or more technical justification to strengthen the argument.

Implementation plans are generally well-developed, describing steps such as researching materials, prototyping with stronger rubber, and expanding testing to more participants and varied environments. These plans show a practical understanding of how to advance the project. However, the implementation details lack specificity in areas like exact material choices, construction methods, or testing protocols, which would enhance clarity and feasibility.

To improve, the student should provide more detailed technical reasoning behind each recommendation, specify exact materials or methods for implementation, and outline step-by-step procedures for prototyping and testing. Additionally, integrating more diverse expert feedback and clarifying how new data will inform design changes would strengthen both the recommendations and their execution plans.","The student presents a strong set of project improvement recommendations that are specific, actionable, and well-justified. They identify key areas for enhancement such as using a more flexible and durable rubber material to improve comfort and durability, adding texture to increase grip and safety, and incorporating adjustable straps to improve fit. These recommendations are supported by testing feedback and stakeholder input, demonstrating thoughtful reflection on the design’s shortcomings.

Implementation plans are generally detailed and practical, including researching materials, prototyping with stronger rubber, and expanding testing to more participants and locations. However, some plans could benefit from more precise details, such as specifying material types or outlining exact testing protocols. The student also includes some non-counting recommendations related to reflection and general project conditions, which do not impact the scores.

To improve, the student should provide more technical specifics in their implementation plans, such as naming candidate materials or describing how adjustable straps would be constructed and attached. Additionally, clarifying testing procedures and criteria would strengthen the plans. Finally, focusing recommendations strictly on engineering design improvements and avoiding general reflections would enhance clarity and impact.",4.5,4
Case007_32.pdf,,Placeholder text for scoring.,3,2,4,4,,,conduct more research on the internal heating element; find electrical companies to partner with for future production; keep design parameters; keep rechargeability concept; keep size of the design; keep cream neutral colour; change materials used in prototype; use 3D design for functional buttons; make strap fabric with plastic adjuster; improve understanding of 3D printing early; interview OBGYN and heat electrical engineer early; use Gantt chart more for time management; access to laboratory space for testing heating cycles,conduct more research on the internal heating element to understand constraints; change materials used in prototype to improve button and strap functionality; use 3D design and 3D printing to create functional buttons and adjustable strap,3,find electrical companies to partner with for future production; keep design parameters; keep rechargeability concept; keep size of the design; keep cream neutral colour; improve understanding of 3D printing early; interview OBGYN and heat electrical engineer early; use Gantt chart more for time management; access to laboratory space for testing heating cycles,,"The student provides multiple specific and detailed recommendations for improving the project, such as conducting more research on the internal heating element and changing prototype materials to improve button and strap functionality. These recommendations are actionable and project-specific. However, only one recommendation includes a clear rationale tied to project constraints, so the highest score is not awarded. | The student presents a consistently detailed, step-by-step plan for implementing the 3D design and printing improvements, including research, design planning, teacher consultation, printing, testing, and revision. This plan is concrete, actionable, and directly aligned with the recommendations.","The student’s recommendations for improving the project demonstrate a solid understanding of specific engineering challenges encountered, particularly regarding the prototype’s materials and functionality. The suggestion to conduct further research on the internal heating element shows awareness of technical constraints, and the plan to switch to a 3D printed design for functional buttons and an adjustable strap is well justified. However, some recommendations, such as keeping design parameters or improving time management, are more reflective or general and do not directly address engineering design improvements.

The implementation plan for the 3D printing improvements is a clear strength, providing a detailed, stepwise approach that includes research, design, consultation, fabrication, and testing. This level of detail makes the plan practical and actionable. Other recommendations lack similar implementation detail, which limits their potential impact.

To enhance future recommendations, the student should focus on providing explicit rationales for all proposed improvements, ensuring each is clearly tied to project data or constraints. Additionally, expanding detailed implementation plans beyond the 3D printing example would strengthen the overall presentation. Including specific materials, testing methods, or timelines for other recommendations would also improve clarity and feasibility.","The student presents several clear and specific recommendations for improving the engineering project, particularly focusing on prototype material changes and the use of 3D printing to enhance functionality. These recommendations are well-aligned with the project goals and demonstrate thoughtful consideration of design constraints. The rationale for these improvements is partially articulated, especially regarding the need for functional buttons and adjustable straps, though some recommendations could benefit from deeper justification based on testing data or stakeholder feedback.

Implementation planning is a strong aspect of the submission, with a detailed, stepwise approach to adopting 3D printing technology. This plan includes research, design, consultation, printing, and iterative testing, which reflects a practical and actionable strategy. However, other recommendations, such as conducting more research on the heating element, lack similarly detailed implementation steps, which limits the overall completeness of the plan.

To improve, the student should provide more explicit rationales linking recommendations to project data or feedback, expand detailed implementation plans for all recommendations, and avoid including non-project-specific suggestions. Additionally, clarifying how each step in the implementation plan directly addresses identified issues would strengthen the presentation of recommendations.",2.5,4
Case008_33.pdf,,Placeholder text for scoring.,3,3,4,4,,,compare dying soil with healthy soil to identify missing elements; introduce composting and fertilizers to improve soil life; introduce a new species of grass that grows in shade; keep the planning process and soil testing methods; conduct multiple soil tests from different spots; track sunlight exposure with a schedule; test one solution at a time to identify effectiveness; document results weekly with photos and notes,compare dying soil with healthy soil to identify missing elements; introduce composting and fertilizers to improve soil life; introduce a new species of grass that grows in shade; conduct multiple soil tests from different spots; track sunlight exposure with a schedule; test one solution at a time to identify effectiveness; document results weekly with photos and notes,7,keep the planning process and soil testing methods; reflection on needing more conversations with officials; reflection on cost considerations; reflection on better execution needed; reflection on starting with a soil test; reflection on solving the main issue before prototyping; reflection on layout planning for observations,,"The student provides multiple specific and detailed recommendations for improving the project, such as comparing soil samples, introducing composting and fertilizers, and testing one solution at a time. These are actionable and project-specific improvements. However, the rationale for some recommendations is implicit or limited, e.g., the new grass species is suggested due to suspected lack of sunlight but lacks detailed justification based on data. | The student offers generally detailed implementation plans, including conducting multiple soil tests from different locations, scheduling sunlight tracking, sequentially testing solutions, and documenting results weekly with photos and notes. These plans are actionable and aligned with the recommendations, though some details such as specific materials or exact procedures are not fully elaborated.","The student presents a solid set of specific and actionable recommendations for improving the project, including comparing soil samples, introducing composting and fertilizers, and testing solutions sequentially. These suggestions demonstrate a clear understanding of the project’s challenges and potential avenues for enhancement. The rationale for some recommendations, such as introducing a new grass species due to suspected sunlight deficiency, is present but could be strengthened with more explicit data or stakeholder feedback.

Implementation plans are generally well-developed, outlining practical steps like multiple soil tests, sunlight tracking schedules, and systematic documentation of results. These plans show thoughtful consideration of how to carry out improvements effectively. However, the student could improve by providing more precise details, such as specific testing methods, materials, or timelines, to enhance clarity and feasibility.

To further improve, the student should explicitly link recommendations to testing data or expert input, provide more detailed step-by-step implementation instructions, and clarify the expected outcomes of each improvement. Including specific measurements, materials, or procedural details would also strengthen the implementation plans. Overall, the recommendations and plans are promising but would benefit from deeper justification and greater specificity.","The student presents a solid set of specific and actionable recommendations for improving the project, including comparing soil samples, introducing composting and fertilizers, and testing solutions sequentially. These suggestions demonstrate a clear understanding of the project’s challenges and potential avenues for enhancement. The rationale behind some recommendations, such as addressing lack of sunlight by introducing shade-tolerant grass, is well articulated, though other recommendations would benefit from more explicit justification.

Implementation plans are generally well developed, with thoughtful steps like conducting multiple soil tests, tracking sunlight exposure systematically, and documenting progress with photos and notes. These plans show practical consideration for how to carry out improvements effectively. However, the student could strengthen their plans by including more specific details such as materials, measurement methods, or timelines.

To improve, the student should provide clearer rationales for all recommendations to better connect actions with project needs. Adding more precise implementation details, such as exact testing procedures or resource requirements, would enhance feasibility. Finally, distinguishing between reflection and actionable recommendations more clearly would improve focus and clarity.",3,4
Case009_33.pdf,,Placeholder text for scoring.,3,3,5,4,,,test different types of wax to find one that melts at a more precise and reliable temperature; experiment with different bottle sizes or shapes to improve water release; test the system in a larger or more realistic environment; research real fire suppression systems to improve design efficiency and practicality; use thinner layers of wax; keep the water bottle as the main container; keep the wax placement at the opening with tweaks; continue the same testing process; focus on safety during testing; select wax with a lower or more consistent melting point; improve how wax is attached to the bottle opening; increase the number of trials in testing; measure time for wax melting and water release; adjust bottle placement above heat source; have more time to test wax and bottle designs; have access to more materials and tools; do better research on wax heat reaction; better planning and time management; have more consistent testing conditions,test different types of wax to find one that melts at a more precise and reliable temperature; experiment with different bottle sizes or shapes to improve water release; test the system in a larger or more realistic environment; research real fire suppression systems to improve design efficiency and practicality; select wax with a lower or more consistent melting point; improve how wax is attached to the bottle opening; increase the number of trials in testing; measure time for wax melting and water release; adjust bottle placement above heat source,9,use thinner layers of wax; keep the water bottle as the main container; keep the wax placement at the opening with tweaks; continue the same testing process; focus on safety during testing; have more time to test wax and bottle designs; have access to more materials and tools; do better research on wax heat reaction; better planning and time management; have more consistent testing conditions,,"The student provides multiple specific and detailed recommendations for improving the project, such as testing different wax types for more precise melting points, experimenting with bottle sizes and shapes, and improving wax attachment. Each recommendation is supported by a rationale explaining why it is needed, for example, to improve activation speed, water release efficiency, or testing reliability. | The student offers generally detailed implementation plans aligned with the recommendations, including increasing trial numbers, measuring melting and release times, adjusting bottle placement, and improving wax attachment methods. While these plans are actionable and specific, some lack precise technical details such as exact materials or step-by-step procedures, preventing a top score.","The student presents a strong set of project improvement recommendations that are specific, actionable, and well-justified. They identify key areas such as selecting wax with a more consistent melting point, experimenting with bottle designs, and testing in realistic environments. Each recommendation is accompanied by a clear rationale explaining how it would enhance the system’s performance or reliability, demonstrating thoughtful engineering reasoning.

Implementation plans are generally detailed and practical, including increasing the number of trials, measuring critical performance metrics, and adjusting component placement. These plans show a good understanding of how to refine the prototype and testing process. However, some implementation details could be further elaborated with precise materials, construction methods, or stepwise instructions to enhance clarity and feasibility.

To improve, the student should provide more technical specifics in their implementation plans, such as exact wax types or attachment techniques. Including step-by-step procedures or measurement protocols would strengthen the plans. Additionally, integrating more quantitative goals or success criteria could improve the rigor of testing recommendations. Finally, distinguishing between design improvements and process reflections more clearly would sharpen focus on engineering design enhancements.","The student presents a solid set of specific and actionable recommendations for improving their fire suppression project. They suggest testing different wax types to achieve more reliable melting points, experimenting with bottle sizes to optimize water release, and conducting trials in more realistic environments. These recommendations demonstrate thoughtful consideration of the project’s engineering challenges. However, while some recommendations include rationales explaining their importance, others lack explicit justification, which would strengthen the argument for their necessity.

Implementation plans are generally well-developed, with clear steps such as increasing the number of trials, measuring key performance times, and adjusting bottle placement to improve consistency. These details show a practical approach to refining the design. Nonetheless, the plans could be enhanced by including more precise technical specifications, materials, or stepwise procedures to fully support execution.

To improve, the student should consistently provide clear rationales for each recommendation, incorporate more technical detail in implementation plans, and avoid including reflective or vague statements as recommendations. Additionally, specifying exact materials or measurement methods would increase the practicality of their plans. Overall, the student demonstrates a strong foundation in recommending and planning project improvements but can elevate their work by deepening justification and implementation specificity.",3,4.5
Case010_32.pdf,,Placeholder text for scoring.,3,2,0,0,,,"have a longer sit-down talk with stakeholders to discuss questions or concerns; discuss pricing, materials, timelines, and design flaws with stakeholders; consider stakeholder concerns about Yondr pouches in new iterations; keep initial criticism of Yondr pouches in mind; ensure phones are in hands of school rather than students",,0,"have a longer sit-down talk with stakeholders to discuss questions or concerns; discuss pricing, materials, timelines, and design flaws with stakeholders; consider stakeholder concerns about Yondr pouches in new iterations; keep initial criticism of Yondr pouches in mind; ensure phones are in hands of school rather than students; wouldn’t change anything because the design was best it could be; project topic was difficult but fulfilling; stakeholders didn’t give specific recommendations; stakeholders were open to suggestions and gave positive feedback; initial feedback was more consideration questions",,"No explicit, specific, and actionable engineering-design improvement recommendations were provided. The document contains reflections, general intentions, and stakeholder discussion plans but lacks concrete project-specific changes or improvements. | No detailed or concrete plans for implementing improvements were offered. The discussion about stakeholder feedback and considerations is vague and lacks specific materials, methods, or step-by-step actions.","The document primarily offers reflections and general intentions rather than explicit, actionable recommendations for improving the engineering design project. While the student discusses the importance of stakeholder engagement and acknowledges concerns about the Yondr pouches, these points do not translate into specific design changes or improvements. The absence of concrete suggestions such as modifications to materials, dimensions, or functional features limits the usefulness of the recommendations.

Furthermore, the rationale for why improvements are needed is mostly implied through stakeholder concerns but lacks detailed justification or engineering reasoning. The student notes the value of stakeholder feedback but does not connect this feedback to specific design alterations or enhancements. This weakens the overall persuasiveness and clarity of the recommendations.

Implementation planning is minimal and vague, focusing on general stakeholder discussions without outlining concrete steps, materials, or testing procedures. To improve, the student should provide clear, specific recommendations for design changes, justify these with stakeholder input or engineering principles, and detail how these changes would be implemented practically. Including measurable goals, construction methods, or testing plans would strengthen the presentation of recommendations and demonstrate a deeper understanding of the design process.","The document primarily offers reflections and general considerations rather than explicit, actionable recommendations for improving the engineering design project. While the student mentions the importance of further discussions with stakeholders and acknowledges initial criticisms of the Yondr pouches, these points do not translate into specific design changes or improvements. The absence of concrete suggestions such as modifications to materials, dimensions, or functional features limits the usefulness of the recommendations.

Furthermore, the rationale for why improvements are needed is implied but not clearly articulated through engineering reasoning or testing evidence. The student expresses confidence in the current design and opts not to suggest changes, which restricts the depth of critical evaluation. Implementation planning is similarly lacking in detail; the document does not provide step-by-step actions, technical methods, or materials to realize any improvements.

To enhance the quality of recommendations, the student should focus on identifying specific design elements that could be modified or optimized, supported by clear justifications. Including detailed plans for how to implement these changes—such as materials to use, construction steps, or testing procedures—would strengthen the presentation. Additionally, articulating how stakeholder feedback directly informs these improvements would provide a stronger rationale and demonstrate thoughtful engineering design iteration.",2.5,0
Case011_44.pdf,,Placeholder text for scoring.,4,4,3,2,,,run longer tests on longevity and durability; test the toy with the real leopard to assess difficulty and cleanability; prioritize testing time to avoid rushing; add additional aluminum casings to increase difficulty; make aluminum casings removable for cleaning and difficulty adjustment,add additional aluminum casings to layer over the original to increase difficulty; make aluminum casings removable for cleaning and difficulty adjustment,2,run longer tests on longevity and durability; test the toy with the real leopard to assess difficulty and cleanability; prioritize testing time to avoid rushing; change project management approach to avoid over-detailing early on; advice for similar projects about process and stakeholder approval,,"The document includes some specific engineering-design improvement recommendations related to adding removable aluminum casings to increase difficulty and ease cleaning. These are actionable and project-specific. However, other suggestions such as extended testing and prioritizing testing time are reflective or procedural and do not count as direct design improvements. | Implementation details for the aluminum casings are minimal and general. The student mentions adding layers and making them removable but does not provide specific materials beyond aluminum, construction methods, dimensions, or detailed procedures. Other recommendations lack implementation detail.","The student provides a few specific and actionable recommendations for improving the engineering project, notably the addition of removable aluminum casings to increase the device's difficulty and facilitate cleaning. These suggestions demonstrate an understanding of how to enhance the design's functionality and user interaction. However, many other recommendations focus on testing procedures and project management reflections, which, while valuable, do not directly address design improvements and thus do not contribute to the core engineering recommendations.

The rationale for the proposed design changes is implied but not deeply developed; the student notes that additional casings would increase difficulty and ease cleaning, but does not provide detailed justification based on testing data or stakeholder feedback. Implementation planning is somewhat vague, lacking specifics such as exact materials, construction techniques, or step-by-step instructions. This limits the practicality and clarity of how these improvements would be realized.

To strengthen future recommendations, the student should focus on providing more detailed and justified design improvements supported by testing or stakeholder input. Including precise implementation plans with materials, dimensions, and construction methods would enhance clarity and feasibility. Additionally, separating reflections and procedural advice from design recommendations will improve focus and scoring potential.","The student presents a couple of clear, project-specific recommendations for improving the enrichment device, notably the addition of removable aluminum casings to increase the device's difficulty and facilitate cleaning. These suggestions are well articulated and directly address the engineering design, demonstrating thoughtful consideration of how to enhance the product's functionality. However, other recommendations, such as conducting longer tests or prioritizing testing time, are more reflective or procedural and do not qualify as explicit design improvements.

While the recommendations are justified by the desire to increase complexity and maintain cleanability, the implementation plans lack sufficient detail. The student mentions layering aluminum casings and making them removable but does not provide specifics on materials, construction techniques, or how these modifications would be executed practically. This limits the feasibility and clarity of the proposed improvements.

To strengthen future recommendations, the student should focus on providing more detailed implementation plans, including materials, dimensions, and step-by-step construction or testing procedures. Additionally, grounding recommendations in explicit testing results or stakeholder feedback would enhance justification. Finally, separating reflective insights from actionable design improvements will clarify the presentation and improve the overall quality of recommendations.",4,2.5
Case012_22.docx,,Placeholder text for scoring.,2,2,4,2,,,Using a type of pipe that doesn't melt; Figuring out the issue with the code and fixing it; Use something different to put out the fire other than the pump; Do something that requires as little code as possible and relies on mechanical cues,Using a type of pipe that doesn't melt; Figuring out the issue with the code and fixing it; Use something different to put out the fire other than the pump; Do something that requires as little code as possible and relies on mechanical cues,4,Keep the infrared sensor; Keep the testing plan; More teacher guidance would have made the project easier; Feeling thrown to the wolves on this one,,"The student provides multiple specific and detailed recommendations for improving the project, such as using a pipe that doesn't melt, fixing code issues, and changing the fire extinguishing method. These are actionable and project-specific, though the rationale is somewhat implicit rather than fully elaborated. | The implementation plans are partially detailed and somewhat general. The student mentions wanting to use different materials and reduce coding complexity but does not provide concrete steps, materials, or methods for how to implement these changes.","The student offers several specific and actionable recommendations for improving the engineering project, including using a non-melting pipe, addressing coding issues, and changing the fire extinguishing mechanism. These suggestions demonstrate a clear understanding of project weaknesses and potential improvements. However, the rationale for why these changes are necessary is only lightly implied rather than explicitly supported by testing data or detailed reasoning.

While the recommendations themselves are project-specific and relevant, the plans for implementing these improvements lack sufficient detail. The student expresses a desire to reduce coding complexity and rely more on mechanical solutions but does not provide concrete steps, materials, or methods to realize these changes. This limits the practicality and clarity of the implementation plan.

To strengthen future recommendations, the student should explicitly connect each improvement to specific problems encountered or data collected. Additionally, providing detailed, step-by-step implementation plans with materials, construction methods, or testing procedures would enhance the feasibility of the recommendations. Finally, including more thorough justifications for each recommendation would improve the overall quality and persuasiveness of the design documentation.","The student offers several specific recommendations to improve the engineering project, including using a non-melting pipe, addressing coding issues, and replacing the pump with an alternative fire-extinguishing method. These suggestions demonstrate awareness of practical problems encountered during the project. However, the rationale for these recommendations is only lightly developed, primarily reflecting observed difficulties rather than detailed engineering analysis or testing data. This limits the strength of the justification for why these changes are necessary.

Regarding implementation planning, the student provides some insight into desired changes, such as minimizing code reliance and using mechanical cues, but the plans lack concrete detail. There is no mention of specific materials, construction methods, or step-by-step procedures to realize these improvements. This generality reduces the feasibility and clarity of the proposed next steps.

To enhance the quality of recommendations, the student should provide clearer engineering rationales supported by testing or feedback. Implementation plans would benefit from specific descriptions of materials, design modifications, and testing protocols. Additionally, linking recommendations directly to observed project failures or limitations would strengthen justification. Finally, including stepwise actions or technical details would improve the practicality and clarity of the improvement plans.",2,3
