filename,source_type,text,F1__expert,F1,F1_flag,F1_rationale,narrative_feedback,element_score_raw
Case001_4.pdf,,Placeholder text for scoring.,3,3,,"The student provides a clear viability judgment that the design can meet key requirements such as weight tolerance, cleaning ease, and reuse. This judgment is connected to specific design requirements like withstanding 30 pounds, being cleaned in under 10 minutes, and reusability for at least seven uses. Credible evidence includes stakeholder input from Zookeeper A, peer cleanliness ratings, and multiple tests without breakage. However, the discussion lacks explicit consideration of risks, constraints, or failure modes, and the reasoning is somewhat implicit rather than fully elaborated. The viability judgment is present and supported but only partially addresses potential challenges.","Your design viability judgment demonstrates a solid understanding of how your proposed solution meets several important design requirements. You effectively connect your judgment to specific criteria such as weight capacity, cleaning time, and durability, which strengthens the credibility of your assessment. Including stakeholder feedback from Zookeeper A and peer cleanliness ratings adds valuable support to your claims. Additionally, your mention of multiple tests without breakage provides practical evidence that the design can withstand repeated use.

However, your evaluation would benefit from a more explicit discussion of potential risks, constraints, or failure modes that could impact the design's success. For example, considering what might happen if the toy is exposed to unexpected stresses or how cleaning challenges might arise would demonstrate deeper engineering thinking. Also, elaborating on how you plan to mitigate these risks or address tradeoffs would improve the thoroughness of your viability analysis.

To enhance your work, consider explicitly identifying possible failure modes and constraints, providing more detailed engineering reasoning for how your design overcomes these challenges, and expanding on how stakeholder feedback influenced design decisions. Including a brief risk mitigation plan would also strengthen your viability judgment.",3
Case002_4.pdf,,Placeholder text for scoring.,4,4,,"The student provides a generally realistic viability judgment, explicitly connecting it to multiple design requirements such as stopping the chair from wedging, cable protection, ease of access, concealment, and cable organization. The discussion includes specific evidence such as the feasibility of blocking the AUX Cable Access Port, the need for a window for access, and the challenge of concealment due to physical protrusion. The cost analysis supports viability by showing affordability and material availability through the school program. Manufacturing methods are detailed, indicating practical implementation steps. The student acknowledges constraints and challenges, such as cable length issues and concealment difficulties, demonstrating thoughtful consideration. However, the risk analysis and mitigation planning are somewhat limited and could be more explicitly developed to reach the highest score.","Your design viability judgment is well articulated and demonstrates a solid understanding of the key design requirements. You effectively connect your assessment to specific needs such as preventing the chair from wedging, protecting cables, and maintaining ease of access. Your inclusion of manufacturing methods and a detailed cost breakdown adds credibility to your claim that the design is feasible and affordable, especially with access to school resources. This shows practical engineering thinking and consideration of real-world constraints.

You also identify challenges, such as the difficulty in fully concealing the solution and cable length issues, which reflects thoughtful risk awareness. However, your discussion would benefit from a more explicit analysis of potential failure modes and how you plan to mitigate them. For example, elaborating on how you will address the cable length variability or the impact of the protruding design on user interaction could strengthen your argument.

To improve, consider providing more detailed risk mitigation strategies, incorporating stakeholder feedback if possible, and expanding on how manufacturing choices support design viability. Additionally, clarifying how the design balances tradeoffs between concealment and accessibility would enhance your evaluation. Overall, your work shows strong potential with room for deeper engineering analysis.",4
Case003_4.pdf,,Placeholder text for scoring.,3,4,,"The student provides a clear judgment that the design is easy to use, cost-effective, and meets key requirements such as tracking multiple systems and locations. This judgment is connected to design requirements like usability for students and staff, cost, and tracking capability. The evidence includes multiple testers agreeing on ease of use, low material costs, and code functionality displaying multiple timers. However, the discussion lacks explicit consideration of risks, constraints, or potential failure modes, and the support is somewhat general rather than deeply analytical or engineering-focused.","Your design viability judgment demonstrates a solid understanding of how your solution meets important design requirements such as ease of use, cost efficiency, and tracking capabilities. You effectively connect your viability claims to specific requirements, which strengthens your argument that the design can succeed. The inclusion of multiple testers’ feedback and cost considerations provides credible support that your design is practical and accessible.

However, your evaluation would benefit from a deeper analysis of potential risks, constraints, or failure modes that could impact the design’s success. For example, discussing challenges in scaling the design, possible technical limitations, or how you plan to mitigate user errors would show more mature engineering thinking. Additionally, providing more detailed engineering reasoning or prototype data could further strengthen your justification.

To improve, consider explicitly identifying and addressing risks or obstacles your design might face. Include more detailed evidence such as test results or stakeholder feedback. Finally, explain how your design choices balance tradeoffs or constraints to ensure viability. These steps will make your viability judgment more comprehensive and persuasive.",4
Case004_1.docx,,Placeholder text for scoring.,4,4,,"The student provides a realistic and well-supported judgment of design viability, explicitly connecting it to multiple design requirements (#1 through #5). The evidence includes prototype testing results (RFID scans, MATLAB timing functions, input validation), stakeholder feedback from teachers and peer reviewers, and a detailed cost analysis. The student also discusses scalability and modularity, referencing analogous existing systems (SmartPass) to support viability. While risks and constraints are implied (e.g., input errors, timing accuracy), explicit identification and mitigation of potential failure modes or challenges are limited, preventing a top score.","Your design viability judgment is strong and clearly articulated, demonstrating a solid understanding of how your system meets the key design requirements. You effectively connect your viability claims to specific requirements such as RFID scanning speed, timing accuracy, user interface reliability, and database management. The inclusion of prototype testing results, stakeholder feedback, and a cost analysis provides credible and concrete support for your claims. Additionally, your discussion of scalability and modular design shows thoughtful consideration of future implementation challenges.

To further strengthen your viability evaluation, consider explicitly identifying potential risks or failure modes your design might face, such as hardware limitations, environmental interference with RFID, or software bugs, and describe how you plan to mitigate these issues. Including more detailed engineering reasoning about constraints like power consumption, maintenance, or user training would also enhance your analysis. Finally, expanding on how your design compares to existing solutions in terms of tradeoffs or limitations would demonstrate mature engineering thinking and provide a more comprehensive viability assessment.",4
Case005_3.pdf,,Placeholder text for scoring.,2,4,,"The student discusses the viability of several design solutions related to a soda fountain problem, including cost estimates for components such as sensory wire, metal, plastic, CO2 tank, nozzles, and syrup. However, the discussion lacks an explicit overall judgment about the design's realism or viability. The evidence provided is primarily cost-based and generic, without clear connection to specific design requirements or detailed engineering reasoning. Risks, constraints, or failure modes are not identified or addressed, and no mitigation strategies are presented. The viability discussion is present but weak and speculative.","Your submission includes some useful information about the costs associated with various components of your proposed solutions, which is a good start toward assessing design viability. However, the document does not provide a clear, explicit judgment about whether your overall design is realistic and viable. To strengthen your evaluation, try to directly connect your viability judgment to specific design requirements, such as cost limits, performance goals, or material constraints. Additionally, consider including credible evidence beyond cost estimates, such as prototype testing, expert feedback, or analogous product examples, to better support your claims.

Your current discussion does not address potential risks, constraints, or failure modes that could impact the success of your design. Identifying these challenges and proposing mitigation strategies would demonstrate deeper engineering thinking and improve the credibility of your viability assessment. For future improvements, focus on making a clear viability judgment, linking it explicitly to design requirements, and supporting it with multiple forms of credible evidence. Also, consider discussing possible obstacles and how you plan to overcome them to show a comprehensive understanding of your design’s feasibility.",4
Case006_0.pdf,,Placeholder text for scoring.,3,3,,"The student provides a clear judgment that the design is viable and connects this to several design requirements such as cost, ease of use, reusability, and durability. There is some supporting evidence including stakeholder feedback, cost estimates for TPU material, and design features like velcro for quick application and washable materials for reuse. However, the evidence is somewhat general and lacks detailed engineering analysis or risk assessment. The discussion of challenges and mitigation is limited and mostly speculative, with no explicit consideration of failure modes or tradeoffs.","Your design viability judgment demonstrates a solid understanding of how your proposed solution aligns with key design requirements such as cost, usability, reusability, and durability. You effectively incorporate stakeholder feedback and provide some cost analysis, which strengthens your argument that the design is generally realistic and feasible. The inclusion of practical features like velcro for quick application and washable materials for reuse shows thoughtful consideration of user needs and sustainability.

However, your evidence could be strengthened by including more detailed engineering reasoning or prototype test results to support your claims. Additionally, while you mention some areas for improvement, a more thorough risk analysis or discussion of potential failure modes would enhance the credibility of your viability judgment. Explicitly addressing how you plan to mitigate identified risks or constraints would demonstrate deeper engineering insight.

To improve, consider providing quantitative data or test results related to material performance and durability. Expand your discussion of potential challenges and how you will overcome them. Connect your viability assessment more explicitly to each design requirement with specific evidence. Finally, including expert or stakeholder validation beyond general optimism would further support your design’s realism and viability.",3
Case007_0.pdf,,Placeholder text for scoring.,2,3,,"The student provides some discussion of design viability by referencing expert feedback from Dr. Kalshoven on various aspects such as size constraints, battery life, and color choice. However, the viability judgment is weak and mostly consists of reporting expert opinions without clear engineering reasoning or explicit connection to how these inputs ensure the design is realistic and viable. There is no explicit overall judgment about the design's viability, nor is there evidence of risk analysis, tradeoff consideration, or mitigation planning. The support is generic and does not demonstrate a thorough evaluation of potential failure modes or constraints.","Your submission shows an initial effort to consider design viability by including expert feedback from Dr. Kalshoven on important design aspects such as size, battery life, and aesthetics. This is a positive step toward grounding your design decisions in credible input. However, the document lacks a clear, explicit judgment about whether the overall design is realistic and viable. The viability discussion remains mostly descriptive and does not connect these expert comments directly to how the design meets specific requirements or overcomes potential challenges.

To strengthen your viability judgment, you should explicitly state whether you believe the design can realistically solve the problem and explain why. Incorporate engineering reasoning that links expert feedback to design requirements and constraints. Additionally, consider identifying possible risks or failure modes and describe how you plan to address them. Including evidence such as prototype testing, cost analysis, or subsystem performance would also enhance credibility. Finally, a summary that synthesizes these points into a confident viability judgment will improve the clarity and persuasiveness of your evaluation.",3
Case008_0.pdf,,Placeholder text for scoring.,1,1,,"The document primarily consists of template instructions and examples rather than a clear, explicit judgment about the viability of the student's proposed design. There is no direct evaluation of whether the design is realistic or viable, nor is there credible evidence or engineering reasoning presented. The content is largely generic and does not connect viability to specific design requirements.","Your submission includes useful template instructions and examples that outline how to consider design viability, but it lacks a clear, explicit judgment about the viability of your own proposed design. While the document mentions design requirements and credible evidence in a general sense, it does not provide a specific evaluation of whether your design is realistic or likely to succeed. There is no discussion of risks, constraints, or potential failure modes, nor is there any evidence such as cost analysis, prototype testing, or expert feedback to support your design's viability.

To strengthen your work, focus on making a clear statement about whether your design is viable and realistic. Connect this judgment directly to your design requirements, explaining how your design meets these needs. Provide credible evidence such as cost estimates, prototype results, or expert opinions to support your claims. Additionally, consider identifying potential risks or challenges your design might face and describe how you plan to address them. Including these elements will demonstrate thoughtful engineering analysis and improve the overall quality of your design viability assessment.",1
Case009_3.docx,,Placeholder text for scoring.,3,3,,"The student provides a clear judgment that the design is viable and realistic, supported by specific evidence such as prototype testing of heat-sensitive materials and the integrated system functioning. The judgment is connected to design requirements like fire detection and response time. However, the discussion lacks explicit consideration of risks, constraints, or failure modes, and the evidence is limited to positive test outcomes without addressing potential challenges or tradeoffs.","Your design viability judgment demonstrates a solid understanding of how your proposed fire detection and sprinkler system meets key design requirements, such as timely fire detection and activation before fire spread. You effectively support your judgment with credible evidence, including prototype testing of heat-sensitive materials and the successful integration of system components. This connection between your design and its requirements strengthens the realism of your solution.

However, your evaluation could be improved by explicitly addressing potential risks, constraints, or failure modes that might affect the system's performance. For example, discussing how false alarms are minimized, how the system performs under varying environmental conditions, or how component failures are mitigated would provide a more comprehensive viability assessment. Additionally, including considerations of cost, manufacturability, or maintenance could further demonstrate mature engineering thinking.

To enhance your work, consider adding a risk analysis section that identifies possible challenges and your strategies to overcome them. Also, explicitly link each piece of evidence to specific design requirements and discuss any tradeoffs involved. Finally, expanding on how your design meets constraints such as budget or installation feasibility will strengthen your overall viability judgment.",3
Case010_3.pdf,,Placeholder text for scoring.,4,4,,"The student provides a realistic viability judgment clearly connected to multiple high-priority design requirements such as safety, cleanability, durability, longevity, and mobility. The judgment is supported by credible evidence including stakeholder input, bite force data, and risk assessment with mitigation strategies. The response thoughtfully considers risks like injury from materials and device stability, and proposes practical mitigations such as covering aluminum with organic rope and selecting water-resistant materials. However, while the analysis is thorough and well justified, it lacks explicit persuasive explanation on why the design is likely to succeed overall, and some risk mitigations are described in general terms without detailed engineering validation.","Your design viability judgment demonstrates a strong understanding of the key requirements and constraints for the enrichment toy. You effectively connect your viability assessment to critical design factors such as safety, cleanability, durability, and portability, showing thoughtful consideration of how these impact the design’s success. The inclusion of stakeholder feedback and bite force data adds credibility to your evaluation. Additionally, your identification of risks and corresponding mitigation strategies reflects mature engineering thinking and a proactive approach to potential failure modes.

To further strengthen your viability judgment, consider providing more detailed engineering rationale or quantitative analysis to support your risk mitigations, such as testing or material specifications that confirm durability after repeated cleaning. Expanding on how the design tradeoffs were balanced and explicitly explaining why the design is likely to succeed despite challenges would also enhance your argument. Finally, integrating cost or manufacturing considerations could provide a more comprehensive viability perspective. Overall, your response is well developed and demonstrates a realistic and credible assessment of your design’s viability.",4
Case011_5.pdf,,Placeholder text for scoring.,3,4,,"The student provides a clear judgment about the design's viability, noting that the initial water pump solution was ineffective, which connects directly to the design requirement of reliable water distribution. The document also links material choices (thermoplastic and PVC) to durability requirements and cost estimates to budget constraints, offering some credible evidence. However, the evidence is partial and somewhat descriptive rather than analytical, with limited discussion of risks, tradeoffs, or mitigation strategies.","Your design viability judgment demonstrates a solid understanding of how your proposed solution relates to key design requirements. You effectively identify that the initial water pump did not meet the requirement for reliable water delivery, showing awareness of potential failure modes. Additionally, your discussion of material selection and cost estimates provides useful evidence supporting durability and budget constraints, which strengthens your viability assessment.

However, the evaluation could be improved by deepening the analysis of risks and challenges your design might face. For example, discussing how you plan to address the water pump failure or potential tradeoffs between cost and component quality would show more mature engineering thinking. Including more quantitative or experimental evidence, such as prototype test results or expert feedback, would also enhance credibility.

To improve, consider explicitly stating your overall viability judgment upfront. Expand on how each piece of evidence supports your conclusion and identify specific risks or constraints with corresponding mitigation plans. Finally, integrating more detailed cost breakdowns and performance data will make your viability argument more persuasive and comprehensive.",4
Case012_3.docx,,Placeholder text for scoring.,5,4,,"The student provides a strong, realistic viability judgment clearly connected to multiple design requirements (supporting weight, lateral force resistance, space, replicability, and maintenance). The judgment is supported by multiple credible pieces of evidence including quantitative prototype testing, stakeholder feedback, expert review, and risk mitigation strategies such as pilot holes to prevent wood splitting. The response thoughtfully addresses tradeoffs (stability vs. portability) and failure modes (loosening screws, wood splitting), demonstrating mature engineering thinking about the design's long-term success.","This response demonstrates an excellent and thorough evaluation of the design's viability. The student explicitly judges the design as realistic and viable, directly linking this judgment to several key design requirements such as load support, lateral stability, space constraints, replicability, and maintenance. The use of quantitative prototype testing data, stakeholder confirmations, and expert reviews provides strong, credible evidence that supports the design’s feasibility. Additionally, the student thoughtfully identifies potential risks, such as wood splitting and fastener loosening, and describes effective mitigation strategies, showing a mature understanding of practical challenges.

The consideration of tradeoffs, particularly prioritizing stability over portability, further strengthens the viability argument by demonstrating deliberate decision-making. To improve, the student could enhance clarity by explicitly summarizing the overall viability judgment in a concise statement early in the section. Including a brief cost or schedule consideration would also add depth to the viability analysis. Finally, expanding on how maintenance simulations were conducted or providing more detail on stakeholder feedback methods could further solidify the evidence base. Overall, this is a well-supported and insightful evaluation of design viability.",4
