filename,source_type,text,G1_expert,G2_expert,G3_expert,G4_expert,G1,G2,G3,G4,G1_flag,G2_flag,G3_flag,G_flag,G1_rationale,G2_rationale,G3_rationale,G4_rationale,narrative_feedback,expert_score,element_score_raw
Case001_5540.pdf,,Placeholder text for scoring.,5,5,4,0,3,2,1,0,,,,,,,,"The student provides a thorough, clear, and detailed explanation of the final prototype iteration, including materials, construction steps, challenges faced, and revisions made. The description covers all key components and their assembly, supported by references to images and diagrams. | The prototype construction is detailed and includes features intended to test design requirements such as connection strength and stability. However, explicit descriptions of how objective data will be collected or measured are limited. The student describes testing connection strength qualitatively but does not specify measurable metrics or testing procedures for most design requirements. | Several attributes are addressed for testing or modeling, including connection strength, friction via compressible materials, and stability at multiple contact points. The student describes iterative improvements and observations of performance. However, the testing is mostly qualitative and lacks explicit measurable outcomes or modeling details for all attributes. | The student identifies material rigidity as a non-testable attribute due to prototype material limitations and acknowledges this as a non-testable attribute. However, the justification lacks explicit mention of expert review or external evaluation methods, limiting the score to developing justification.","Your documentation provides an excellent and comprehensive explanation of your final prototype iteration. The detailed descriptions of materials, construction processes, and iterative revisions demonstrate a strong understanding of the prototype’s physical assembly and design intent. The inclusion of challenges faced and solutions applied adds depth and clarity to your explanation.

Regarding testability, your prototype construction shows thoughtful consideration of key design requirements such as connection strength and stability. You effectively describe how different materials and binding methods simulate real-world conditions. However, the testing approach remains largely qualitative, with limited explicit plans or methods for collecting objective, measurable data. While multiple attributes are addressed, the lack of clear measurement criteria or testing protocols reduces the ability to fully evaluate performance quantitatively.

Your identification of material rigidity as a non-testable attribute is appropriate, but the justification would be stronger with explicit reference to expert review or alternative evaluation methods. To improve, consider defining specific measurable tests for each key attribute, detailing how data will be collected and analyzed. Additionally, incorporating expert feedback or external validation for non-testable attributes would enhance justification. Finally, clarifying testing procedures and expected outcomes will strengthen the prototype’s evaluative power.",3.5,1.5
Case002_3553.pdf,,Placeholder text for scoring.,3,5,5,3,3,1,1,0,,,,,,,,"The final prototype iteration is clearly and adequately explained with detailed descriptions of the construction process, materials used, and assembly steps. The document includes multiple stages from a mini cardboard model to a full-scale metal and plastic prototype with handles and connection systems. However, some aspects, such as the final integration of medical inserts and the complete connection system, are mentioned as future work, leaving minor gaps. | The prototype construction is thorough and detailed, showing physical assembly and material choices. However, there is limited explicit explanation of how the prototype enables objective data collection on design requirements. The document lacks clear descriptions of what specific design requirements will be tested, how measurements will be taken, or what objective data will be collected, resulting in only minimal evidence of testability. | The document does not explicitly address testing or modeling of specific attributes. While the prototype features such as hinges, handles, and connection systems are described, there is no clear explanation of which attributes will be tested or how testing will be conducted. The mention of contacting an expert about spray paint safety is the only attribute-related evaluation, but it is not a test of the prototype itself. | There is minimal justification for non-testable attributes. The document briefly mentions consulting an expert regarding the safety of spray paint but does not explicitly identify non-testable attributes or explain why expert review is necessary for other aspects of the design. No comprehensive justification for non-testable attributes is provided.","Your documentation provides a clear and detailed explanation of the prototype construction process, from initial cardboard models to a full-scale metal and plastic assembly. The step-by-step descriptions of materials, tools, and assembly techniques demonstrate strong effort and understanding of prototype building. The inclusion of images and specific measurements further supports the clarity of your explanation.

However, the document falls short in explicitly linking the prototype to testability and measurable data generation. While the physical construction is well described, there is little information on how the prototype will be used to evaluate specific design requirements or attributes. The absence of detailed testing plans or measurable outcomes limits the ability to assess the prototype's effectiveness in meeting design goals. Additionally, justification for non-testable attributes is minimal and does not clearly explain the need for expert review or alternative evaluation methods.

To improve, consider explicitly stating which design requirements your prototype aims to test and how you will measure or observe these attributes. Include descriptions of testing procedures or data collection methods to demonstrate testability. Also, identify any attributes that cannot be tested directly and provide clear, supported reasons for why expert evaluation is necessary. Finally, integrating the medical inserts and connection system fully into the prototype and explaining their testability would strengthen your submission.",4,1.25
Case003_1431.pdf,,Placeholder text for scoring.,1,4,3,1,2,2,2,0,,,,,,,,"The final prototype iteration is clearly and adequately explained with detailed descriptions of the construction process, materials used, and assembly steps for the boxes, frames, and handles. The explanation includes multiple versions and the progression from cardboard models to metal and plastic components. However, some aspects, such as the final integration of the connection system and medical testing windows, are mentioned but not fully detailed. | The prototype construction is thorough and detailed, showing physical assembly and material choices. However, there is limited explicit evidence that the prototype is constructed to generate objective data on design requirements. The document lacks clear explanation of what specific design requirements will be tested, how measurements will be taken, or what objective data will be collected. The mention of testing materials (e.g., spray paint approval) is present but does not demonstrate testability of the prototype itself. | There is minimal evidence that attributes of the unique solution can be tested or modeled. While the prototype includes features like hinges, handles, and connection systems, the document does not explain how these attributes will be tested or modeled. No specific measurable or observable attributes are identified for evaluation. | The document does not provide any justification for attributes that cannot be tested or modeled, nor does it mention expert review or alternative evaluation methods for non-testable attributes.","The student document provides a clear and detailed explanation of the prototype construction process, including the transition from a cardboard model to a more robust metal and plastic assembly. The step-by-step description of materials, tools, and assembly techniques demonstrates strong construction skills and thoughtful design iteration. The inclusion of handle construction and frame assembly adds depth to the prototype explanation.

However, the document falls short in describing how the prototype will generate objective, measurable data related to design requirements. While the physical prototype is well constructed, there is little to no explanation of specific attributes that will be tested or how testing will be conducted. This limits the ability to evaluate the prototype's effectiveness in meeting design goals. Additionally, no justification is provided for any attributes that cannot be tested, nor is there mention of expert review or alternative evaluation methods.

To improve, the team should explicitly identify key design requirements and describe how the prototype enables measurement or observation of these attributes. Including planned testing procedures or data collection methods would strengthen testability. Furthermore, addressing any non-testable attributes with clear justification and expert consultation would enhance the overall evaluation. Finally, integrating the connection system and medical testing windows more fully into the explanation would provide a more comprehensive view of the final prototype.",2.25,1.5
Case004_5555.pdf,,Placeholder text for scoring.,5,5,5,5,5,5,5,4,,,,,,,,"The final prototype iteration is clearly and adequately explained with detailed descriptions of materials, construction steps, and modifications made to improve stiffness and strength. The explanation covers the assembly process, component choices, and iterative improvements, though some aspects could be more explicitly connected to design requirements. | The prototype construction is described in detail, but there is limited explicit evidence that objective data on design requirements can be collected. While testing is mentioned, the document lacks clear explanation of what specific measurements or data will be gathered or how the prototype enables such testing. | Some attributes such as lateral stiffness and strength are mentioned as being tested, but the description does not specify how these attributes are measured or modeled. The testing approach and measurable outcomes are not clearly defined, limiting the ability to assess testability of multiple attributes. | There is no explicit justification provided for any non-testable attributes or explanation of the need for expert review or alternative evaluation methods. The document does not address why certain attributes cannot be tested or how they would be evaluated otherwise.","The student provides a thorough and clear explanation of the final prototype iteration, detailing the materials used, construction steps, and iterative improvements made to enhance the handle's stiffness and strength. This detailed description demonstrates a solid understanding of the prototype's physical assembly and the rationale behind design changes.

However, the document falls short in clearly establishing how the prototype enables objective testing or measurement of design requirements. While issues such as lateral stiffness and strength are mentioned, the explanation lacks specifics on how these attributes will be quantitatively evaluated or modeled. This limits the ability to generate measurable data from the prototype. Additionally, there is no explicit justification for any attributes that cannot be tested, nor is there discussion of expert review or alternative evaluation methods.

To improve, the student should explicitly identify which design requirements will be tested and describe the methods or measurements that will be used. Including specific testing procedures or criteria for evaluating stiffness and strength would strengthen the testability evidence. Furthermore, addressing any attributes that cannot be directly tested with a clear justification and plan for expert evaluation would enhance the completeness of the documentation. Finally, linking prototype features more directly to measurable outcomes would improve clarity and rigor.",5,4.75
Case005_1121.pdf,,Placeholder text for scoring.,1,1,2,1,3,3,3,2,,,,,,,,"The final prototype iteration is clearly and adequately explained. The students describe their transition from a custom-coded Arduino LED system to purchasing pre-coded Bluetooth RGB LED lights, detailing the selection process, challenges with coding across devices, and the final setup using an iPad and app. They explain the physical layout of the lights in classroom zones and the rationale behind their design choices. However, some construction details and technical specifics about the physical prototype assembly are limited. | The prototype is constructed with commercially available LED lights controlled via an app, enabling manipulation of colors and patterns. The students identify testable design requirements such as affordability, safety, and functionality through observation and user feedback. However, the explanation lacks explicit detail on how objective data will be collected or measured from the prototype itself, relying mostly on subjective feedback and observation rather than quantifiable metrics. | Some attributes are addressed for testing or modeling, including functionality (color and pattern manipulation), affordability (budget adherence), and safety (physical interaction with lights). The students describe observing user interaction and collecting feedback to evaluate effectiveness. However, the testing approach is largely qualitative and lacks detailed methods for measuring or modeling these attributes objectively. | The students identify non-testable attributes such as adaptability and durability, explaining time constraints and lack of continuous monitoring as reasons these cannot be tested immediately. They reference expert product specifications (IP65 rating) to support durability claims. While justification is adequate and acknowledges expert input, it lacks a detailed plan for expert review or alternative evaluation methods beyond product claims and teacher feedback.","Your documentation provides a clear and coherent explanation of your final prototype iteration, including the rationale behind switching from a custom-coded Arduino system to pre-coded Bluetooth LED lights controlled via an app. The description of the physical layout and the use of an iPad to manage the system demonstrates thoughtful design decisions that consider usability and budget constraints. This clarity helps readers understand your prototype's construction and intended function.

Regarding testability, you identify several important attributes such as affordability, safety, and functionality, and propose observational and feedback-based methods to evaluate them. However, the approach relies heavily on qualitative data and subjective feedback rather than objective, measurable data collection. More explicit descriptions of how you will quantify these attributes or collect measurable evidence would strengthen your evaluation. Additionally, while you acknowledge non-testable attributes like adaptability and durability and provide some justification referencing expert product ratings and teacher feedback, a more detailed plan for expert review or alternative evaluation methods would enhance this section.

To improve your work, consider including more detailed construction documentation or diagrams to better illustrate your prototype assembly. Develop clearer, quantifiable testing procedures for key attributes to enable objective data collection. Expand your justification for non-testable attributes by outlining specific expert review processes or alternative evaluation strategies. Finally, integrating preliminary data or examples of feedback collection could demonstrate your prototype's testability more concretely.",1.25,2.75
Case006_3324.pdf,,Placeholder text for scoring.,3,3,2,4,4,3,3,2,,,,,,,,"The student provides a somewhat explained description of the prototype iteration involving AI tools iStar and Youper, including their intended functions and integration into medical diagnostics. However, the explanation lacks detail on what the final prototype specifically consists of, how it was constructed, or key components, resulting in gaps. | There is minimal evidence that the prototype is constructed to generate objective data on design requirements. The student mentions testing iStar with images and patient records and using themselves as a test subject for Youper, but no details are provided on how the prototype enables measurable or objective data collection. | Only one attribute is addressed for testing: iStar's ability to detect diseases from images and Youper's mental health assessment. However, no specific testing methods, measurable outcomes, or modeling approaches are described, limiting the evidence for testing or modeling attributes. | No justification is provided for any non-testable attributes or explanation of why expert review or alternative evaluation methods are necessary.","The student demonstrates an initial understanding of the prototype iteration by describing the AI tools iStar and Youper and their intended roles in medical diagnostics. This provides some context for the design, but the explanation lacks sufficient detail about the final prototype's construction, components, or how the integration is realized, which limits clarity and completeness.

Regarding testability, the document mentions plans to test iStar with medical images and patient records and to use self-assessment for Youper, but it does not explain how these tests will be conducted or how objective data will be collected. The absence of specific testing procedures or measurable attributes weakens the ability to evaluate the prototype's performance. Additionally, no justification is offered for any attributes that cannot be tested, missing an opportunity to address limitations or expert evaluation needs.

To improve, the student should provide a detailed description of the final prototype, including construction steps and key components. They should explicitly identify measurable design requirements and explain how the prototype enables objective testing or data collection for these attributes. Including specific testing methods or modeling approaches would strengthen the evaluation. Finally, the student should address any attributes that cannot be directly tested by explaining why and how expert review or alternative evaluation will be used.",3,3
Case007_2101.pdf,,Placeholder text for scoring.,2,1,0,1,3,2,1,0,,,,,,,,"The student provides a somewhat explained description of the prototype iteration involving AI tools iStar and Youper, including their intended functions and integration into medical diagnostics. However, the explanation lacks detail on what the final prototype specifically consists of, how it was constructed, or key components, resulting in gaps. | There is minimal evidence that the prototype is constructed to generate objective data on design requirements. The student mentions testing iStar with images and patient records and using themselves as test subjects for Youper, but no details are given on how the prototype enables measurable or objective data collection. | The document references testing the AI tools' ability to detect diseases and assess mental health, but does not specify which attributes will be tested, how testing or modeling will occur, or what measurable outcomes will be collected. Only one or fewer attributes are minimally addressed. | The student mentions challenges such as data privacy and ethical concerns but does not provide explicit justification for any non-testable attributes or explain the need for expert review or alternative evaluation methods.","The student demonstrates an initial understanding of the prototype iteration by describing the AI tools iStar and Youper and their intended roles in medical diagnostics. This provides some context for the design, but the explanation lacks specific details about the final prototype's construction, components, or how the tools are integrated, which limits clarity and completeness.

Regarding testability, the document mentions plans to test iStar with medical images and patient records and to use self-assessment for Youper, but it does not explain how these tests will be conducted or what objective data will be collected. The attributes to be tested are not clearly identified, and no measurable evaluation methods are described. Additionally, while ethical and privacy concerns are acknowledged, there is no explicit justification for non-testable attributes or discussion of expert review.

To improve, the student should provide a detailed description of the final prototype, including its construction and key components. They should clearly identify specific attributes to be tested and explain how testing will generate measurable data. Including a plan for addressing non-testable attributes with expert evaluation or justification would strengthen the work. Finally, clarifying how the prototype enables objective data collection would enhance the overall quality and testability.",1,1.5
Case008_3330.docx,,Placeholder text for scoring.,3,3,3,0,4,3,3,3,,,,,,,,"The final prototype iteration is described with multiple construction steps and a detailed materials list, showing what was built and how. However, the explanation lacks a cohesive narrative or clear summary of the final prototype's overall function and design intent, resulting in an adequate but incomplete explanation. | The document links several design requirements to measurable data collection methods, such as using a timer to measure time in sun or shade and the solar panel to assess battery life. However, these explanations are somewhat general and lack detailed procedures or clear evidence that all or nearly all design requirements can be objectively tested, supporting testability for some but not most requirements. | Several attributes are identified with descriptions of their function and some testing conditions (e.g., motorized shade operation, solar panel charging). While multiple attributes are addressed, the testing or modeling descriptions are partial and lack comprehensive detail, indicating some but not most attributes are testable or modeled. | The document does not provide explicit justification for any non-testable attributes or explain the need for expert review or alternative evaluation methods. Any discussion of limitations or attribute challenges is absent or insufficient.","The student provides a reasonably detailed description of the final prototype's construction, including step-by-step assembly and a comprehensive materials list. This clarity in construction methods and component identification helps convey what was built, supporting an adequate understanding of the prototype iteration. However, the explanation would benefit from a more integrated summary that clearly connects the construction steps to the prototype's overall function and design goals.

Regarding testability, the student identifies key design requirements and links them to measurable data collection methods, such as using a timer to track exposure time and a solar panel to monitor battery life. While these connections demonstrate some capacity for objective evaluation, the descriptions lack depth and specificity, limiting confidence that all major requirements can be thoroughly tested. Similarly, multiple attributes are addressed with functional descriptions, but the testing or modeling approaches are only partially developed, leaving gaps in how these attributes will be quantitatively assessed.

The portfolio does not address non-testable attributes or provide justification for expert review, which is a missed opportunity to strengthen the evaluation. To improve, the student should: 1) provide a clear, cohesive explanation of the final prototype's overall design and function; 2) detail specific testing procedures and measurable outcomes for each design requirement; 3) expand on how each attribute will be tested or modeled with concrete methods; and 4) explicitly identify any non-testable attributes and justify the need for expert evaluation or alternative assessment methods.",2.25,3.25
Case009_1121.pdf,,Placeholder text for scoring.,1,1,2,1,3,2,2,2,,,,,,,,"The final prototype iteration is clearly and adequately explained with detailed construction steps, progression notes, and issues for multiple prototypes leading to the final design. The description includes CAD modeling, 3D printing, sanding, finishing, and design changes such as the special end link for loop closure. However, the explanation could be more fully integrated and explicitly focused on the final iteration alone rather than spread across multiple prototypes. | The prototype construction is described with sufficient detail to suggest it can generate objective data for some design requirements, such as size, edge finishing, and joint assembly. However, the explanation of how measurable data will be collected is limited and vague for many requirements. For example, noise and movement are mentioned but without clear measurement methods or objective data collection procedures. Some requirements like color are noted but not clearly linked to measurable testing. | Some attributes are addressed with testing or modeling approaches, including durability (observing loose or broken parts), ease of build, noise (using decibel tools), and ease of movement (feeling smoothness). However, the testing descriptions are somewhat general and lack detailed procedures or metrics. Not all attributes are covered, and some are only superficially addressed. | The student identifies aesthetics as a non-testable attribute requiring expert review, but the justification is minimal and lacks depth. The explanation that appeal is based on opinions and that a field expert would know what kids like is a developing justification but does not fully explain why expert review is necessary or how it would be conducted.","Your portfolio demonstrates a solid understanding of prototype construction, with clear explanations of the iterative process leading to the final design. The detailed steps involving CAD modeling, 3D printing, sanding, and finishing show thoughtful progression and attention to design improvements, such as the special end link for loop closure and smoothing edges. This clarity helps convey how the prototype was built and refined.

Regarding testability, you address several design attributes like durability, noise, and ease of movement, and you suggest ways to observe or measure these, such as using decibel meters for noise. However, the descriptions of how objective data will be collected are somewhat general and could benefit from more specific testing procedures or metrics. Some design requirements, like color and friction consistency, are mentioned but lack clear measurable evaluation methods.

Your justification for non-testable attributes, particularly aesthetics, is acknowledged but remains underdeveloped. Expanding on why expert review is necessary and how it would be conducted would strengthen this area.

To improve, consider: 1) focusing your final prototype explanation more explicitly on the last iteration; 2) detailing specific testing methods and measurable criteria for each design requirement; 3) expanding the justification for non-testable attributes with clearer rationale and evaluation plans; and 4) including quantitative data or observations where possible to support testability claims.",1.25,2.25
Case010_4555.pdf,,Placeholder text for scoring.,4,5,5,5,5,4,4,5,,,,,,,,"The final prototype iteration is clearly and adequately explained with detailed construction steps, progression notes, and issues for multiple prototypes leading to the final design. The description includes CAD modeling, 3D printing, sanding, finishing, and design changes such as the special end link for loop closure. However, the explanation could be more fully integrated and explicitly focused on the final iteration alone rather than spread across multiple prototypes. | The prototype construction is described with sufficient detail to suggest it can generate objective data for some design requirements, such as size, edge finishing, and joint assembly. However, the explanation of how measurable data will be collected is limited and vague (e.g., 'we can feel how easily the pieces move' is subjective). Some requirements like noise could be measured with decibel tools, but this is only briefly mentioned without detailed methodology. | Several attributes are identified for testing or modeling, including durability, ease of build, noise generation, and ease of movement. The document describes how these might be observed or measured, but the testing approaches are mostly qualitative or implied rather than explicitly detailed. The prototype addresses some attributes but not comprehensively or with clear objective testing protocols. | The student identifies aesthetics as a non-testable attribute requiring expert review, noting it is based on opinions and would need a field expert. However, the justification is minimal and lacks depth or explanation of how expert evaluation would be integrated. No other non-testable attributes are justified.","Your documentation provides a clear and adequate explanation of the final prototype iteration, detailing the construction process, design changes, and issues encountered throughout multiple prototype versions. The inclusion of CAD modeling, 3D printing steps, sanding, and finishing demonstrates a solid understanding of prototype development. The progression notes effectively communicate the rationale behind design modifications, such as the special end link for loop closure.

Regarding testability, your prototype construction supports the evaluation of some design requirements, including size constraints and edge finishing. You identify several attributes like durability, noise generation, and ease of movement for testing, which shows thoughtful consideration of your design's performance. However, the testing methods described are mostly qualitative and lack explicit, objective measurement procedures. For example, statements about feeling movement smoothness or observing noise levels would benefit from more precise measurement techniques.

The justification for non-testable attributes, specifically aesthetics, is acknowledged but underdeveloped. Expanding on how expert review would be incorporated or providing additional rationale would strengthen this aspect. To improve, consider detailing specific testing protocols for each attribute, incorporating quantitative measurement tools where possible, clarifying how data will be collected and analyzed, and elaborating on the evaluation process for non-testable attributes. These enhancements will increase the rigor and clarity of your prototype evaluation.",4.75,4.5
Case011_2232.docx,,Placeholder text for scoring.,2,2,3,2,4,3,3,2,,,,,,,,"The student provides an adequate explanation of the final prototype iteration, describing the goal of assessing hole spacing in pipes to water plants and prevent mold. Construction steps are listed with some detail about materials and tools used. However, the explanation lacks clarity on the final iteration specifics, changes made from initial to final prototype, and key components or improvements. | The prototype construction is described with steps and materials, but there is limited evidence that the prototype is constructed to allow objective, measurable data collection on design requirements. The student mentions testing with water and observing mold after a week, but does not clearly link these to measurable design requirements or explain how data will be collected or quantified. | The document does not explicitly address testing or modeling of specific attributes beyond general observations of watering and mold presence. There is no clear description of how attributes will be measured or modeled, and no detailed testing plan for multiple attributes. | No justification is provided for any non-testable attributes or explanation of expert review requirements. The document does not identify any attributes that cannot be tested or modeled.","The student demonstrates a reasonable effort in explaining the prototype construction process, including step-by-step details and the use of specific materials and tools. The goal of the prototype—to assess hole spacing for watering plants and mold prevention—is stated, providing some context for the design. This clarity in construction steps is a strength, as it shows the student’s engagement with the physical building process.

However, the explanation of the final prototype iteration lacks depth and completeness. There is insufficient detail on how the prototype has evolved or how it specifically meets design requirements. The testability of the prototype is limited; while the student mentions testing with water and observing mold, there is no clear plan for collecting objective, measurable data or linking observations to design criteria. Additionally, the attributes of the design are not explicitly identified for testing or modeling, and no justification is provided for any non-testable attributes.

To improve, the student should clearly describe the final prototype iteration, including any changes made and key features. They should explicitly connect prototype features to measurable design requirements and outline how data will be collected and analyzed. Identifying specific attributes for testing and providing a testing plan would strengthen the work. Finally, if any attributes cannot be tested, the student should justify this and indicate the need for expert review.",2.25,3
Case012_2331.pdf,,Placeholder text for scoring.,2,3,3,1,3,2,1,0,,,,,,,,"The final prototype iteration is somewhat explained with a step-by-step construction process focusing on hole spacing in pipes and mold resistance. However, the explanation lacks clarity on the final iteration specifics, key components, and how the prototype evolved. There are gaps and minimal detail about the final prototype iteration. | The construction details describe materials and steps but do not clearly explain how the prototype allows collection of objective, measurable data on design requirements. There is no explicit linkage between prototype features and measurable testing of requirements. | The document mentions testing with water and observing mold growth, implying one attribute (mold resistance) might be testable. However, no clear description of how attributes are tested or modeled is provided, limiting evidence to minimal. | No justification is provided for any non-testable attributes or mention of expert review or alternative evaluation methods.","The student provides a basic explanation of their prototype construction process, including steps to create holes in pipes and efforts to prevent mold. This shows some understanding of prototype building and material selection. However, the explanation of the final prototype iteration lacks clarity and completeness, making it difficult to fully understand the design evolution or key features.

While the construction steps are outlined, the document does not clearly connect the prototype to measurable testing of design requirements. There is minimal evidence that the prototype can generate objective data, with only a vague mention of testing with water and observing mold. The testing or modeling of specific design attributes is not well described, limiting the ability to evaluate the prototype’s effectiveness.

Additionally, the student does not address any attributes that cannot be tested or modeled, nor do they provide justifications or plans for expert review. To improve, the student should clearly explain the final prototype iteration and how it differs from earlier versions, explicitly link prototype features to measurable design requirements, describe specific testing methods for multiple attributes, and provide justifications for any non-testable aspects including plans for expert evaluation.",2.25,1.5
