filename,SubmissionYear,source_type,text,A1__expert,A2__expert,A3__expert,A4__expert,A5__expert,A6__expert,A1,A2,A3,A4,A5,A6,A1_flag,A2_flag,A3_flag,A4_flag,A5_flag,A6_flag,scoring_hints,A1_rationale,A2_rationale,A3_rationale,A4_rationale,A5_rationale,A6_rationale,narrative_feedback,element_score_raw,expert_score,fractional_part,score_type,band_center_distance,selection_year,selection_band
Case010_525333.docx,2025,docx,Placeholder text for scoring.,5,2,5,3,3,3,4,4,4,3,4,4,,,,,,,"[""Examine whether the problem statement's focus on 'excess energy' sufficiently captures the complexity of attention issues or if additional factors should be considered for problem identification clarity."", ""Consider if the problem definition adequately addresses the root causes and broader context of students' focus difficulties beyond the examples given, such as environmental or instructional factors."", ""Evaluate whether the elaboration on fidget toys' potential to distract versus help is sufficiently detailed and balanced to support the problem's complexity."", 'Assess if the three stakeholder groups identified (teacher, high-energy ESOL students, other ESOL students) represent a comprehensive range of primary stakeholders or if key groups like parents or school administrators are missing.', 'Review the variety and credibility of sources cited, particularly whether the reliance on similar types of sources (e.g., health websites and educational articles) limits the breadth of evidence supporting the problem justification.']","The problem identification is clearly stated and objective: young students at Freedom Hill Elementary struggle to focus due to excess energy, which impacts their performance and health. The statement is explicit and supported by cited evidence, making it clear and objective but somewhat limited in scope and depth to warrant a higher rating.","The problem definition goes beyond a basic description by explaining the consequences of lack of focus, current coping behaviors, and limitations of existing solutions like movement breaks. It includes specific examples and references to support the explanation, though it lacks more extensive technical or contextual detail that would justify a higher rating.","The problem is elaborated with examples of behaviors, stakeholder concerns, and potential pitfalls of fidget toys (e.g., distraction risk). The elaboration is clear and supported by multiple sources, but it remains somewhat general and could benefit from additional detail or nuance to reach a higher level.","Three primary stakeholder groups are identified: the teacher, high-energy ESOL students, and other ESOL students. These represent several distinct groups but not many or almost all primary stakeholders. The groups are relevant and differentiated but limited in number.","The justification is supported by numerous sources that are timely (2023-2025), credible (academic articles, reputable organizations), and varied (studies, health organizations, educational foundations). The sources are well integrated, though the variety could be somewhat broader to support a higher rating.","The problem justification offers mostly objective detail, including quantitative study results, specific behavioral examples, and direct quotes from credible sources. The detail is consistent and mostly objective, though some statements are general or interpretive rather than fully data-driven.","This submission identifies the problem of plants receiving improper sunlight and proposes a device solution with specific design constraints, showing generally clear problem identification. The problem definition and elaboration provide some relevant detail but would benefit from deeper technical and environmental analysis. The discussion of stakeholder groups covers a range of affected parties with specific concerns, reflecting consideration of most primary stakeholders. However, the problem justification depends on a single partially credible source, limiting the strength of evidence. Objective detail is present but sparse and unevenly applied. To improve, incorporating multiple credible and varied sources would strengthen justification and provide more comprehensive, objective data about the problem’s scope and impact. Additionally, expanding the problem definition with deeper analysis of environmental factors and technical challenges would enhance clarity and depth. Overall, the portfolio demonstrates a foundational understanding but would benefit from more thorough research and detailed elaboration to better support the problem presentation and justification.",3.833333333,3.5,0.5,half,0,2025,4-Mar
Case011_545355.docx,2025,docx,Placeholder text for scoring.,5,4,5,3,5,5,4,4,4,3,4,4,,,,,,,"[""Examine whether the problem statement's focus on 'excess energy' sufficiently captures the complexity of attention issues or if additional factors should be considered for problem identification clarity."", ""Evaluate if the problem definition adequately addresses the root causes and broader implications of students' inability to focus beyond the immediate classroom behaviors described."", ""Consider whether the elaboration on fidget toys' potential to distract versus help is sufficiently detailed and balanced to support the problem's complexity."", 'Assess if the three stakeholder groups identified represent a broad enough spectrum of affected parties or if other key stakeholders like parents or school administrators should be included.', 'Review the variety and credibility of sources cited, particularly the balance between academic studies and organizational websites, to determine if the evidence base is sufficiently diverse and authoritative.']","The problem identification is clearly stated and objective: young students at Freedom Hill Elementary struggle to focus due to excess energy, which impacts their performance and health. The statement is explicit and supported by cited evidence, making it clear and objective but somewhat limited in scope and depth, which aligns with an adequate level of development.","The problem definition goes beyond a basic description by explaining the consequences of lack of focus, current coping behaviors, and limitations of existing solutions like movement breaks. It includes specific examples and references to support the explanation, though it does not provide extensive detail or explore multiple dimensions that would indicate a higher level of thoroughness.","The problem is elaborated with examples of behaviors exhibited by students, the challenges teachers face, and the potential distractions caused by fidget toys. The discussion includes research findings and stakeholder concerns, showing a developed elaboration, though it lacks the depth and comprehensive analysis that would characterize a stronger performance.","Three primary stakeholder groups are identified: the teacher (Yasemin Bayraktar), high-energy ESOL students, and other ESOL students. These represent several distinct groups but do not encompass a wide range of stakeholders, resulting in an adequate but not extensive identification.","The justification is supported by multiple credible, timely, and varied sources including academic papers, reputable health organizations, and educational foundations. The sources cover different perspectives and are recent, but the number and variety, while solid, do not reach the breadth or depth that would merit a higher rating.","The problem justification offers mostly objective detail, including specific behavioral examples, study results, and quotes from credible sources. The detail is consistent and generally objective, though some statements could be more quantitatively detailed or systematically presented to enhance clarity and completeness.","This submission presents a generally clear and objective problem identification focused on young students struggling to focus due to excess energy, supported by credible sources. The problem definition is adequately developed, explaining consequences and current coping mechanisms, though it could benefit from deeper technical or contextual detail. The elaboration includes relevant examples and stakeholder concerns, but further nuance and detail would strengthen it. The identification of three primary stakeholder groups is appropriate but limited; expanding to include additional relevant groups such as parents or school administrators could improve this. The use of numerous timely and credible sources enhances the justification, though a broader variety of source types would be beneficial. Objective detail is mostly consistent, with quantitative evidence and specific examples, but some claims remain somewhat general. To improve, the work should deepen the problem definition with more technical context, elaborate stakeholder analysis to include more groups, and incorporate a wider variety of credible sources. Additionally, providing more precise data or metrics would enhance the objectivity of the justification.",3.833333333,4.5,0.5,half,0,2025,5-Apr
Case020_442200.pdf,2025,docx,Placeholder text for scoring.,4,4,2,2,0,0,4,3,3,2,0,2,,,,,,,"[""Examine whether the description of the problem and its impact on 'people who interact with the printer daily' sufficiently supports a clear and objective problem identification."", ""Consider if the explanation of the problem's frequency and context in the classroom provides enough depth to qualify as more than superficial problem definition."", 'Evaluate the extent to which the elaboration on how the filament is disorganized and its consequences is detailed versus repetitive or general.', 'Assess whether naming Mrs. Barletta, Matt, and Mr. Thib represents several distinct stakeholder groups or primarily variations of a single group.', ""Verify the absence of any cited external sources or references that would support the problem justification beyond the students' own observations.""]","The problem of filament disorganization is stated clearly and objectively, with specific examples of who it affects and where it occurs.","The problem is defined with some depth, describing the context (classroom), frequency (very constant), and impact on space, but it lacks detailed technical or quantitative specifics.","The problem is generally elaborated with some explanation of how and why it occurs and who it affects, though the elaboration is somewhat repetitive and lacks detailed analysis.","Three stakeholders are named (Mrs. Barletta, Matt, Mr. Thib), but they represent a limited range of roles within a single environment rather than several distinct stakeholder groups.",No external sources or references are cited; the justification is based solely on the students' own observations and opinions.,"Some objective details are provided, such as the constant occurrence of the problem and the presence of filament on counters, but these details are limited and not supported by data.","The submission identifies the problem of disorganized 3D printer filaments and the impact on users and the classroom environment with reasonable clarity. The problem definition includes relevant descriptions of storage limitations and issue frequency but would benefit from more detailed analysis or quantification. The elaboration offers general examples of affected individuals and problem manifestations but lacks detailed exploration or stronger supporting evidence. Stakeholder consideration is limited to a few individuals rather than distinct groups, which narrows the understanding of the problem's broader impact. The justification relies solely on personal observations without credible external sources, which limits its authority. Objective detail is somewhat present but inconsistent and could be improved with more precise descriptions or data. To enhance the work, incorporating diverse stakeholder perspectives, including credible and varied sources, and providing more detailed, objective evidence would help deepen the problem definition and elaboration.",2.333333333,2,0,integer,0.5,2025,3-Feb
Case024_211101.pdf,2025,docx,Placeholder text for scoring.,2,1,1,1,0,1,4,3,4,2,0,4,,,,,,,"[""Examine whether the description of Mr. Kiser's back pain and posture sufficiently distinguishes the primary engineering problem from contributing factors such as his previous injury."", 'Consider if the problem definition adequately addresses the biomechanical causes of pain or if it remains at a superficial level focused mainly on symptoms.', 'Evaluate whether the inclusion of only Mr. Kiser and his students as stakeholders justifies limiting the stakeholder score or if other affected groups should be inferred.', 'Assess the impact of relying solely on a personal interview without citing external credible sources on the strength of the problem justification.', 'Review the extent to which the provided measurements and quotes constitute objective detail versus subjective description in the problem justification.']","The problem identification is generally clear and objective, describing Mr. Kiser's back pain caused by pushing a cart with a handle that is too low, including specific details about his posture and pain triggers.","The problem definition is somewhat developed, explaining the cause of the pain, the physical constraints, and the need for an extension to the cart handle, but it lacks a more detailed exploration of underlying biomechanical or ergonomic factors.","The problem is elaborated with relevant details about Mr. Kiser's height, wingspan, cart weight capacities, and the impact of the product on cart efficiency, showing an adequate understanding of the problem context.","The justification mentions two primary stakeholder groups: Mr. Kiser and his students, but no additional distinct stakeholder groups are identified, indicating limited stakeholder consideration.",No external credible sources are cited; all information appears to come from personal interview and the student's own observations.,"The justification offers mostly objective detail, including specific measurements (height, wingspan), weight capacities, and direct quotes from Mr. Kiser, though some subjective language remains.","This submission presents a generally clear and objective problem identification focused on improving geography learning through gamification. The problem definition is limited in depth, lacking detailed exploration of underlying issues and broader context. Elaboration on the problem is also limited, with minimal expansion beyond basic claims and statistics. Identification of multiple stakeholder groups, including students, teachers, parents, administrators, and tech creators, shows some awareness of the problem's broader impact. The use of three credible and timely sources supports the justification, though the variety and number of sources could be expanded to strengthen the argument. Objective detail is present but somewhat general and inconsistently applied. To improve, the problem definition should be deepened by exploring causes and consequences more fully, the problem elaboration enriched with more detailed analysis, and a wider range of credible sources incorporated. Additionally, integrating objective data more consistently throughout the justification would enhance clarity and persuasiveness.",2.833333333,1,0,integer,0.5,2025,2-Jan
Case025_343545.docx,2025,docx,Placeholder text for scoring.,3,4,3,5,4,5,5,5,5,5,5,5,,,,,,,"['Examine whether the detailed statistics from FEMA and NFPA sufficiently support the claim of a 27% increase in fire death rate, or if additional context is needed to interpret this trend.', 'Consider if the description of stakeholder concerns, especially for insurance companies and government officials, clearly differentiates their roles and interests or if some overlap might affect the count of distinct stakeholder groups.', 'Review the use of sources such as Mulvihill (2024) and Gakavian (2024) to verify their credibility and timeliness relative to the problem justification claims made.', 'Assess whether the problem elaboration on fire progression timelines and toxic effects is consistently objective or if some statements verge on subjective interpretation.', 'Determine if the problem importance section sufficiently connects the wildfire risk statistic to the overall house fire problem or if it introduces ambiguity about the scope of the problem.']","The problem identification is clear and objective, explicitly stating the dangers of house fires, their rapid spread, and the high risk to occupants. The student uses precise language and concrete statistics to define the problem context.","The problem is defined in depth, including detailed descriptions of fire behavior, timelines of fire progression, causes of fires, death rates, and financial losses. Multiple aspects of the problem are explored thoroughly.","The problem is elaborated with explanation of fire dynamics, toxic effects, structural risks, and societal impacts. The student connects these details to the urgency and complexity of the problem.","The student identifies most primary stakeholder groups affected by house fires, including homeowners, fire departments, wildlife, insurance companies, and government officials, plus secondary stakeholders like local communities and healthcare workers, showing a comprehensive understanding.","The problem justification is based on numerous, timely, credible, and varied sources including government agencies (FEMA, NFPA), expert articles, and recent statistics, demonstrating solid research and evidence support.","The justification offers consistent objective detail with quantitative data, direct quotations, and specific statistics throughout, supporting the problem's importance and urgency with clear factual evidence.","This submission provides a generally clear identification of the problem, focusing on Mr. Kiser's back pain caused by pushing a cart with a low handle. The problem definition explains the cause and constraints but could be more detailed with respect to biomechanical analysis. The elaboration includes relevant measurements and cart specifications that help contextualize the problem. However, the justification identifies only two primary stakeholder groups, limiting the scope of stakeholder analysis. The absence of external credible sources reduces the evidentiary support for the justification. The document includes mostly objective details, such as quantitative data and direct quotes, which support the justification. To improve, incorporating credible external sources and exploring additional stakeholders, such as school administrators or maintenance staff, would strengthen the justification. Further elaboration on ergonomic principles or injury prevention could deepen the problem definition. Overall, the submission is structured but would benefit from broader stakeholder consideration and stronger source-based support.",5,4,0,integer,0.5,2025,5-Apr
Case031_122121.pdf,2025,,Placeholder text for scoring.,1,2,2,1,2,1,4,3,4,3,2,3,,,,,,,"['Examine whether the description of the problem as people forgetting medication due to illnesses like dementia and busy schedules is sufficiently objective and clear to justify the score given for problem identification.', 'Consider if the explanation of why regular pillboxes fail and the need for reminders provides enough depth to meet the criteria for problem definition or if it remains somewhat superficial.', 'Evaluate the elaboration on unintended consequences such as overreliance on technology and whether this adds enough complexity to the problem to justify a higher elaboration score.', 'Assess whether the identified stakeholders—patients, caretakers, doctors, and nurses—represent several distinct groups or if the list is too narrow to merit a higher score for stakeholder concern.', 'Review the credibility and variety of the cited sources, which include medical magazines and health organizations, to determine if they sufficiently support the problem justification or if the source base is too limited.']","The problem identification is clearly stated and objective: people with illnesses or busy schedules forget to take medications, and the project aims to create a smart pillbox to address this. The description is straightforward and specific, though it lacks more detailed or nuanced explanation.","The problem definition is developed, explaining why regular pillboxes fail (people forget them on counters, busy schedules, memory issues) and the need for reminders. However, it provides limited exploration of underlying causes or broader context.","The problem is elaborated with examples of affected populations (people with dementia, ADHD, chronic illnesses), potential benefits (improved health outcomes, independence), and unintended consequences (overreliance on technology). This provides some elaboration beyond a basic description.","Several primary stakeholder groups are identified: patients with chronic illnesses, older adults, caretakers, doctors, and nurses. While these are distinct groups, the list is somewhat limited and could be expanded to include family members or pharmacists for a more complete analysis.","The justification cites three sources from medical magazines and health organizations, which are credible but limited in variety and depth. The sources are timely and relevant but mostly secondary and not numerous enough for higher credit.","The justification offers generally objective details such as the epidemiological transition model and specific health risks related to missed medication. However, some statements are general or subjective, and the detail is uneven.","This submission presents a generally clear and objective identification of the microplastics problem, outlining who is involved, what is being done, and why it matters. The problem definition provides some relevant detail but would benefit from deeper scientific explanation and more quantitative data to enhance understanding. Elaboration is present but remains somewhat general; expanding on the complexity and mechanisms of microplastic impacts could improve this aspect. The identification of several primary stakeholder groups is adequate, though including additional relevant groups such as policymakers or local communities would strengthen this. The use of multiple credible and varied sources supports the problem justification, but more consistent in-line citations would improve clarity and credibility. Objective detail is generally provided but could be more consistently detailed and data-driven. To improve, the team should focus on deepening the problem definition with more quantitative evidence, elaborating on stakeholder impacts, and integrating sources more explicitly within the narrative. Overall, the submission demonstrates foundational work with room for more comprehensive development and precision in justifying the problem.",3.166666667,1.5,0.5,half,0,2025,2-Jan
Case034_111000.docx,2025,,Placeholder text for scoring.,1,1,1,0,0,0,3,2,2,1,0,2,,,,,,,"[""Examine whether the statement 'People and animals need plants' sufficiently qualifies as a clear and objective problem identification or if it is too general and lacks specificity."", 'Consider if the explanation of photosynthesis and sunlight needs provides adequate depth for problem definition or if it remains superficial and requires more technical detail.', ""Evaluate whether the repeated mention of the problem occurring 'every day' and 'way too much' constitutes meaningful elaboration or is merely subjective and vague."", ""Assess if the mention of 'people' as stakeholders adequately represents primary stakeholder groups or if additional distinct groups should be identified to justify a higher score."", ""Determine whether the absence of any cited or referenced sources means the justification is solely the student's opinion, affecting the credibility and score for problem justification.""]","The problem identification is generally clear and objective, stating the need to design a platform to control light exposure for plants. However, the statement is brief and lacks precise framing or context.","The problem definition provides some basic biological context about plants needing sunlight and the importance of photosynthesis, but it is limited and lacks detailed explanation or technical depth.","The problem elaboration is minimal, with some explanation of why controlling sunlight is necessary, but it is somewhat vague and repetitive without detailed examples or data.","Only one primary stakeholder group is implied—people who care for plants—without explicit mention of other groups such as farmers, environmentalists, or commercial growers.",No credible or cited sources are provided; the justification is based solely on the student's own statements.,"Some objective detail is present, such as mentioning photosynthesis and the need for sunlight, but the details are general and not consistently supported by data or references.","This project presents a generally clear and objective problem identification focused on medication adherence challenges faced by individuals with memory issues or busy schedules. The problem definition is adequately developed, explaining why traditional pillboxes are insufficient, though it could benefit from deeper contextual analysis. The elaboration includes examples of affected populations and potential benefits, along with some consideration of possible drawbacks. The identification of stakeholders includes patients, caretakers, and healthcare professionals, but could be broadened to encompass additional relevant groups. The problem justification references credible health-related sources, but these are limited in variety and depth; incorporating academic or governmental studies would strengthen this aspect. Objective detail is generally present, with some use of epidemiological data and health risks, though more precise statistics or evidence would improve the justification. To enhance the submission, it would be beneficial to deepen the problem definition with more comprehensive context, expand stakeholder analysis, and incorporate a wider range of authoritative sources with more detailed data. This would provide a more robust foundation for the design and demonstrate a more thorough understanding of the problem space.",1.666666667,0.5,0.5,half,0,2025,0-1
Case045_323502.pdf,2025,,Placeholder text for scoring.,3,2,3,5,0,2,4,3,3,3,2,3,,,,,,,"[""Examine whether the problem statement's clarity and objectivity are sufficiently explicit given the repeated references to Mr. O’Farrell’s needs and the cable organization issue."", 'Consider if the problem definition’s inclusion of specific dimensions and design goals provides enough depth or if more technical or contextual details are necessary.', 'Evaluate the extent to which the problem elaboration addresses concrete consequences and technical challenges beyond general statements about risk and damage.', 'Assess whether the listed stakeholders represent sufficiently distinct groups or if some, such as Walpole Media and Mr. O’Farrell, overlap too closely to count as separate primary stakeholders.', 'Review the credibility and variety of sources, particularly the reliance on student-taken photos and a single external website, to determine if this meets the rubric’s expectations for credible and varied evidence.']","The problem identification is clear and objective, explicitly stating the need to organize cables in the TV Production Studio to prevent tangling and damage, with specific reference to Mr. O’Farrell and the TV crew’s needs, though the presentation could be more detailed.","The problem definition provides some depth by describing the need for a fixed cable management system with specific dimensions and functional goals, but it lacks more detailed technical or contextual information that would provide stronger support.","The problem elaboration is generally present, mentioning risks such as loss of work time and data corruption, but the elaboration is somewhat general and could include more specific details about consequences and technical challenges.","Several primary stakeholder groups are identified, including Mr. O’Farrell, Walpole Media, student crew members, and local taxpayers, showing a reasonable range of affected parties, though some groups are closely related and could be more distinctly described.","Sources include photos taken by students and a link to Walpole Media’s website, which are credible but limited in variety and depth; the evidence relies heavily on internal documentation and lacks external authoritative sources.","The justification offers generally objective detail about the problem’s importance, such as the risk of equipment damage and data corruption, but the detail is somewhat general and not consistently supported by quantitative or external data.","This submission presents a generally clear and objective identification of the problem with swiveling desks at DCI, explaining how these desks cause distractions, discomfort, and potential injuries. The problem elaboration includes specific examples and relevant studies, including a local student poll that quantifies dissatisfaction. Multiple stakeholder groups such as students, teachers, administration, and parents are identified, though the concerns of some groups could be more fully developed. The justification is supported with credible and varied sources, providing mostly objective detail through statistics and research findings. To improve, the work could deepen the problem definition by exploring the consequences more comprehensively and elaborating on the perspectives of all stakeholder groups, especially administration and parents. Additionally, reducing subjective language and increasing the use of objective data would strengthen the justification further. Overall, the work is structured and informative but would benefit from more comprehensive stakeholder analysis and deeper elaboration on the problem's broader implications.",3,2.5,0.5,half,0,2025,3-Feb
Case059_550215.docx,2025,,Placeholder text for scoring.,5,5,0,2,1,5,4,4,4,3,4,4,,,,,,,"['Examine whether the problem identification sufficiently distinguishes between general food waste and the specific issue of fruit spoilage due to air exposure to justify the clarity level assigned.', 'Consider if the problem definition’s coverage of causes and contexts fully meets the rubric’s requirement for considerable depth or if it remains at a more than adequate level.', 'Evaluate the elaboration on vacuum sealing’s mechanisms—does the explanation provide enough technical detail to be considered well elaborated or is it more general?', 'Assess whether the listed stakeholders (families, grocery stores, restaurants, chefs) represent several distinct groups or if the grouping is too narrow to merit a higher score.', 'Review the credibility, variety, and timeliness of the sources cited, especially the balance between direct quotes and paraphrased information, to determine if the justification is sufficiently supported.']","The problem is clearly and objectively identified as preventing fruits from going to waste too quickly due to improper sealing and excess air exposure. The description is straightforward and generally focused on the issue of food spoilage, particularly fruits, with clear context.","The problem definition is adequate, detailing causes such as improper storage, buying in bulk, lack of knowledge, refrigeration failures, and packaging issues. It explains where and when the problem occurs and the consequences, showing a reasonable understanding of the problem's scope.","The problem is elaborated with explanations of how vacuum sealing works to reduce spoilage, oxidation, and moisture loss. The description includes biological and chemical processes, providing a developed elaboration, though it could be more detailed in some technical aspects.","Several primary stakeholder groups are mentioned: families, grocery stores, restaurants, chefs, and consumers who store food. While these are distinct groups, the list is somewhat limited and could be expanded to include more diverse stakeholders such as food transporters or packaging manufacturers.","The justification uses multiple credible and timely sources including Henkelman, USDA, FAO, EPA, ReFED, and WWF. These sources are varied and reputable, covering scientific, governmental, and environmental perspectives, though the number of direct quotes is limited to three.","The problem justification offers mostly objective detail, including statistics on food waste, economic impact, environmental consequences, and scientific explanations of spoilage mechanisms. The detail is consistent and generally clear, though some statements could be supported with more quantitative data.","This submission identifies the problem of a deteriorating gong stand affecting safety in the Eleanor Roosevelt High School Band with a generally clear and objective problem statement. The problem definition outlines safety risks and cost concerns but could be expanded with more technical or contextual details. The elaboration includes relevant related issues and consequences but remains somewhat general and could benefit from more detailed analysis or data. Stakeholder identification is limited to a few groups—students, teachers, and the band director—without broader consideration of other affected parties. The sources cited are somewhat credible but limited to commercial and informal online content, lacking academic or authoritative references. Objective details such as the gong’s weight and pricing information are provided but are inconsistently applied and sometimes mixed with subjective opinions. To improve, the problem definition should include more technical specifics, a wider range of stakeholder groups should be considered, and more varied and authoritative sources incorporated. Additionally, providing more consistent and detailed objective data would strengthen the justification and support the design process.",3.833333333,3,0,integer,0.5,2025,4-Mar
Case065_000000.pdf,2025,,Placeholder text for scoring.,0,0,0,0,0,0,2,2,2,1,1,2,,,,,,,"[""Examine whether the references to 'experts' and their input provide sufficient credible evidence or if they are too vague to support the problem justification."", 'Consider if the listed design constraints and measurements collectively function as a clear problem identification or if the absence of an explicit problem statement weakens this element.', 'Evaluate whether the brief testing descriptions (e.g., water pump activation timing) constitute meaningful elaboration or are too superficial to demonstrate thorough problem analysis.', ""Assess if the document's mention of stakeholders is limited to the design team and experts or if there is evidence of multiple distinct stakeholder groups impacted by the problem."", 'Determine whether the objective details such as dimensions and activation times are presented clearly and consistently enough to support a strong problem justification.']","The problem identification is generally clear and objective in that the document references design constraints and requirements (e.g., room dimensions, door sizes, furniture inclusion, fire detection and suppression timing). However, there is no explicit, concise problem statement or clear articulation of the core problem being addressed. The identification is partial and implicit rather than fully clear.","The problem definition is somewhat superficial. The document lists design requirements and constraints but does not sufficiently define the problem context, scope, or underlying issues. There is limited explanation of why these constraints exist or what specific problem the design aims to solve beyond meeting these requirements.","Problem elaboration is limited. Some testing and expert discussions are mentioned (e.g., testing water pump activation time, expert input on room dimensions), but these are brief and lack detailed explanation or analysis. The elaboration is restricted to basic descriptions without deeper insight or comprehensive development.","Only one or two stakeholder groups are implied, primarily the designers and possibly the experts consulted. There is no clear identification or discussion of multiple primary stakeholder groups affected by the problem.","Sources are limited to unspecified 'experts' and the student's own testing. There is no citation of credible, timely, or varied external sources such as academic studies or official publications. The evidence is largely anecdotal and personal.","Some objective detail is provided, such as specific measurements (room sizes, door dimensions), activation times (30 seconds, 5 minutes), and testing descriptions. However, these details are inconsistently presented and sometimes unclear or incomplete.","This submission identifies the problem of controlling sunlight exposure for plants with a clear and focused statement. The problem definition provides some context and identifies beneficiaries but lacks deeper technical or environmental specifics. The elaboration includes relevant scenarios and causes but remains general without detailed examples or data. Multiple stakeholder groups are identified, showing awareness of the problem's broader impact. However, the justification relies on a single credible source, which limits the depth and variety of supporting evidence. Objective details about plant light requirements and exposure are included but are not consistently developed throughout the justification. To improve, the team should deepen the problem definition with more technical or environmental factors, elaborate with specific examples or data, and incorporate multiple credible and varied sources to strengthen justification. Additionally, integrating objective details more consistently will enhance clarity and persuasiveness. Overall, the submission demonstrates a basic foundation but would benefit from more comprehensive research and elaboration to better meet higher rubric levels.",1.666666667,0,0,integer,0.5,2025,0-1
Case124_352353.docx,2026,,Placeholder text for scoring.,3,5,2,3,5,3,5,4,4,5,4,4,,,,,,,"[""Examine whether the problem statement's coverage of the 'who, what, where, when, why, and how' is sufficiently explicit and objective to justify the highest clarity rating."", 'Evaluate if the depth of problem definition, including causes and consequences, fully meets the criteria for considerable depth or if some aspects remain underdeveloped.', 'Consider whether the elaboration on secondary stakeholders and social impacts is detailed enough to support the claim of well elaborated or if it is more general.', 'Assess if the cited sources, while credible and timely, represent enough variety across different credible categories to justify the highest score for source variety.', 'Verify that the objective details and statistics are consistently integrated and clearly linked to their sources to support the problem justification effectively.']","The problem identification is clear and objective, explicitly stating the risk posed by residential apartment fires due to delayed detection, poor warning systems, and lack of early-stage fire defeat. The description includes who is involved, what the problem is, where it occurs, and why it happens, supported by specific data and authoritative sources.","The problem is defined with considerable depth, including explanation of contributing factors such as synthetic materials and lithium-ion batteries, statistics on fire causes and consequences, and the failure modes of current detection and suppression systems. The problem definition addresses multiple dimensions including frequency, severity, and underlying causes.","The problem is elaborated with detailed stakeholder concerns, data on fire progression, and explanation of why current systems fail. The elaboration includes social and environmental impacts on secondary stakeholders and the broader community, showing a solid understanding of the problem context.","The submission identifies most primary stakeholder groups: apartment occupants (including vulnerable subgroups), property managers/landlords, firefighters, local fire marshals/inspection authorities, and emergency responders. It also discusses secondary stakeholders such as neighboring residents and community service providers, demonstrating a broad and inclusive stakeholder analysis.","The problem justification is based on multiple credible and timely sources, primarily from the U.S. Fire Administration and the International Association of Fire Chiefs. The sources are government and professional organizations, but the variety is somewhat limited to these categories. Five sources are cited, all recent and credible, but the range of source types is not broad enough for the highest level.","The justification offers consistent objective detail, including specific statistics on fire causes, frequency, deaths, injuries, and financial losses. The data is integrated throughout the narrative to support claims, providing a well-supported, evidence-based argument for the problem's importance.","This submission identifies the problem of controlling sunlight exposure for plants with specific device requirements and some relevant stakeholders, which contributes to the problem presentation. The problem definition includes the greenhouse context and sunlight needs but could be improved by adding more technical or environmental details. The elaboration covers the device's function and the importance of sunlight but remains somewhat general and would benefit from deeper explanation or examples. Stakeholder identification is limited to a few groups; including a broader range of stakeholders would strengthen the justification. A notable limitation is the absence of credible sources or references, which affects the depth and credibility of the problem justification. Objective details are included but are limited and could be expanded with supporting data or research findings. To improve, incorporating multiple credible sources, elaborating more thoroughly on technical aspects, and identifying a wider range of stakeholders would provide a more comprehensive and convincing justification.",4.333333333,3.5,0.5,half,0,2026,4-Mar
Case129_432402.docx,2026,,Placeholder text for scoring.,4,3,2,4,0,2,4,3,3,4,0,2,,,,,,,"['Examine whether the named sources such as Part Towns and Donastar are credible and timely, and if their information is explicitly cited to support the problem justification.', 'Consider if the identification of stakeholders (Mr. Jones, Mr. Gloster, and students) represents sufficiently distinct groups or if more diverse stakeholder groups should be recognized.', 'Evaluate whether the problem statement provides enough clarity and objectivity about the issue beyond anecdotal observations and vague descriptions.', 'Assess the depth of the problem definition, particularly whether the causes, effects, and scope of the syrup shortage are adequately explored or remain superficial.', 'Review the extent to which the problem importance is supported by objective data or statistics versus subjective opinions and feelings.']","The problem is somewhat clear and objective: the drink machine runs out of syrup and dispenses water instead, causing dissatisfaction. The description includes who is involved (students, staff), what happens, and when (mostly during third lunch). However, the problem statement is informal and does not fully achieve the precision and clarity expected for a higher score.","The problem definition is limited. It mentions the machine running out of syrup and student waste but does not explore causes, effects, or quantify the problem in detail. There is no thorough analysis or comprehensive explanation of the problem's scope or impact.",The problem elaboration is limited. The document includes some stakeholder opinions and mentions overuse and waste but lacks detailed elaboration or exploration of the problem's complexity or technical aspects.,The document identifies three primary stakeholder groups: two staff members (Mr. Jones and Mr. Gloster) and students (several named). This meets the threshold for 'at least a few' primary stakeholders but does not demonstrate a broader range of distinct groups.,"The sources cited (Part Towns, Donastar, FBD Frozen, Carbonation System, Tetrapak) are named but not clearly identified as credible or timely. There are no in-line citations or detailed references, and the sources appear to be company or brand names rather than peer-reviewed or authoritative sources.","The problem justification offers minimal objective detail. The argument is mostly subjective, based on feelings of annoyance and dissatisfaction, with no supporting data or statistics. The importance is stated but not supported with objective evidence.","This submission generally identifies the problem of athletes needing to remove cleats before entering the fine arts center, providing a focused and mostly objective problem statement. The problem definition offers some explanation of the rule and its impact on athletes and coaches, but it lacks deeper analysis or quantitative data. The elaboration includes some details about the problem's context and potential solutions but remains somewhat general and imprecise. The identification of five distinct primary stakeholder groups, with their concerns described, shows consideration of those affected. However, the submission does not include any credible sources or citations, which limits the justification and evidence base for the problem. Objective detail is limited; while some factual elements are mentioned, the lack of supporting data or statistics reduces the strength of the argument. To improve, the work should incorporate multiple credible and timely sources to support claims, deepen the problem definition with quantitative or technical details, and provide more precise elaboration of impacts and potential solutions. Including data or statistics would also strengthen the justification and demonstrate the problem's importance more clearly.",2.666666667,2.5,0.5,half,0,2026,3-Feb
Case130_230202.pdf,2026,,Placeholder text for scoring.,2,3,0,2,0,2,3,2,2,2,1,1,,,,,,,"['Examine whether the named sources such as Part Towns and Donastar are credible and timely, and if their information is explicitly cited to support the problem justification.', 'Consider if the identification of stakeholders (Mr. Jones, Mr. Gloster, and named students) represents sufficiently distinct groups or if they are variations of the same stakeholder category.', 'Evaluate whether the problem statement provides enough clarity and objectivity about the nature and scope of the syrup shortage issue beyond anecdotal descriptions.', 'Assess the depth of problem definition regarding causes and effects, especially whether the discussion of syrup waste and machine mechanics is sufficiently detailed.', 'Review the extent and quality of objective detail and data provided, such as statistics or measurements, to support the importance and urgency of solving the problem.']","The problem is generally clear and objective: the drink machine runs out of syrup and dispenses water instead, causing dissatisfaction. The description includes who is involved (students, Mr. Jones, Mr. Gloster), what happens, and when (mostly during 3rd lunch). However, the problem statement is informal and lacks precision and clarity in technical terms.","The problem definition is somewhat superficial. It mentions the syrup running out and student waste but does not analyze causes in depth or quantify the problem. There is no detailed explanation of the machine's mechanics or syrup usage rates, nor is there a thorough exploration of the problem's scope or impact.",The problem elaboration is limited. The document includes some stakeholder opinions and mentions overuse and waste but lacks detailed elaboration on the problem's complexity or contributing factors. The elaboration is general and anecdotal rather than analytical.,The document identifies a few primary stakeholders: two staff members (Mr. Jones and Mr. Gloster) and students (five named individuals). These represent at least a few primary stakeholder groups but not several or many distinct groups. The concerns of these groups are briefly described.,"The sources cited (Part Towns, Donastar, FBD Frozen, Carbonation System, Tetrapak) are named but not clearly identified as credible or timely. There are no in-line citations linking specific data or claims to these sources, and no evidence that these are peer-reviewed or authoritative. The reliance on these sources is limited and not well integrated.","Some objective detail is provided, such as the mention of the 3rd lunch period having more problems and the description of syrup running out and being wasted. However, the detail is limited and mostly anecdotal, lacking consistent quantitative data or statistics.","This submission identifies the problem of athletes needing to remove cleats before entering the fine arts center with a generally clear and objective problem statement. The problem definition offers some explanation of the rule and its daily impact on athletes and coaches but lacks deeper analysis or quantification. The elaboration addresses key aspects such as stakeholders and timing but remains somewhat general and imprecise. The identification of multiple primary stakeholder groups with distinct concerns, including janitors, athletes, coaches, trainers, and the athletic director, adds useful context. However, the submission does not include credible or timely sources to support the problem justification, relying solely on the student's perspective. Objective detail is limited; while some safety concerns and inconveniences are mentioned, the absence of data or statistics reduces the strength of the justification. To improve, incorporating credible, varied sources to substantiate claims and providing quantitative evidence would be beneficial. Additionally, elaborating more precisely on the problem's impact and exploring secondary stakeholders could strengthen the analysis. Including specific data on time lost or injury rates would also enhance the problem justification.",1.833333333,1.5,0.5,half,0,2026,2-Jan
Case132_000000.docx,2026,,Placeholder text for scoring.,0,0,0,0,0,0,3,2,2,2,1,2,,,,,,,"['Examine whether the multiple design requirements collectively form a clear and objective problem identification or if a distinct problem statement is missing.', ""Consider if the references to 'research' and the concerns of Dr. Barnhardt and Dr. Jess qualify as credible sources or if more formal citations are needed."", 'Evaluate whether the named individuals represent distinct stakeholder groups or if the stakeholder analysis is limited to only a few perspectives.', 'Assess the depth of problem elaboration in the design requirements—determine if the explanations go beyond general statements to include technical or contextual specifics.', 'Check if the objective details provided include measurable or quantitative information or if they remain mostly qualitative and subjective.']","The problem identification is generally clear and objective in that the student identifies the need for a heating pad with specific features (safety, portability, discreteness, etc.). However, the actual problem statement is not explicitly or clearly articulated as a single, concise problem. The description is fragmented across design requirements rather than a unified problem statement.","The problem definition is somewhat superficial. The student lists design requirements and links them to research and stakeholder concerns, but does not provide a detailed definition of the underlying problem or its context. There is limited explanation of the problem's scope, impact, or technical challenges.","The problem is elaborated with some detail on each design requirement, including rationale and stakeholder concerns. However, the elaboration is somewhat general and repetitive, lacking depth or technical specificity. The elaboration is adequate but could be more developed.","The document references a few primary stakeholders: female students (users), and two named individuals (Dr. Barnhardt and Dr. Jess) who express concerns. These represent at least a few primary stakeholder groups but not several or many distinct groups.","The justification is based mainly on the opinions or concerns of two individuals (Dr. Barnhardt and Dr. Jess) and some vague references to 'research' without citing credible or varied sources. There is no evidence of credible, timely, or varied sources.","Some objective detail is provided, such as specific design requirements and their rationale, but much of the detail is general and lacks quantitative or technical data. The detail is somewhat objective but not consistent or comprehensive.","This submission presents a generally clear and objective problem statement regarding the drink machine running out of syrup and dispensing water, which causes dissatisfaction among students and staff (A1). However, the problem definition lacks depth and detailed analysis, with limited exploration of causes or quantification (A2). The elaboration is limited and anecdotal, relying mainly on stakeholder opinions without deeper investigation (A3). The identification of stakeholders includes a few groups—two staff members and several students—but does not extend to a broader range of affected parties (A4). The sources cited are named but not clearly credible or well integrated, and there is a lack of in-line citations to support claims, weakening the justification (A5). Objective detail is somewhat present but inconsistent and insufficiently supported by data (A6). To improve, the team should develop a more precise and comprehensive problem definition, incorporate quantitative data and statistics, clearly link credible and varied sources to specific claims, and expand stakeholder analysis to include more distinct groups. Enhancing elaboration with technical details and objective evidence will strengthen the justification and demonstrate a deeper understanding of the problem’s scope and impact.",2,0,0,integer,0.5,2026,0-1
Case152_552555.pdf,2026,,Placeholder text for scoring.,5,5,2,5,5,5,5,5,5,5,5,5,,,,,,,"['Examine whether the problem identification sufficiently distinguishes the specific issue of stereotypic behavior in Amur Leopards from general zoo animal welfare concerns to justify the clarity and objectivity level assigned.', ""Consider if the problem definition's mention of budget, safety, and operability constraints is detailed enough to reflect more than adequate depth or if it remains at an adequate level."", 'Evaluate the extent to which the problem elaboration includes objective, specific examples and whether the description of stereotypic behaviors and their effects is comprehensive enough to be considered well elaborated.', 'Assess whether the listed stakeholder groups represent truly distinct primary stakeholders or if some could be considered secondary or overlapping, affecting the count of primary stakeholder groups.', 'Review the credibility and variety of the cited sources, including the team meeting notes, to determine if they collectively meet the criteria for numerous, timely, credible, and various sources or if they fall short of the highest level.']","The problem identification is clearly stated and objective, focusing on stereotypic behaviors in Amur Leopards at the Nashville Zoo caused by small, disengaging enclosures. The description is specific and directly linked to the animal's health, making the problem clear and objective, though it lacks the depth to be considered very clear and objective.","The problem definition adequately describes the need to create a device to engage the leopard, with constraints such as budget, safety, and operability by zookeepers. The depth is moderate and lacks extensive technical or contextual detail that would elevate it beyond adequate depth.","The problem is elaborated with examples of stereotypic behaviors, their effects, and the importance of enrichment toys. The explanation includes specific behaviors and consequences, showing a developed understanding, though it could be more comprehensive to reach the highest level.","The document identifies many primary and secondary stakeholder groups, including zookeepers, the leopard, zoo guests, property managers, and veterinarians. These represent distinct groups affected by the problem, supporting a generally strong identification, though not all primary stakeholders are fully covered.","The justification cites multiple sources that are timely, credible, and varied, including a zoo website, a conservation biology institute, and a museum article. The inclusion of a team meeting with a zookeeper adds practical insight, supporting a solid but not exceptional level of support.","The problem justification offers mostly objective detail, such as specific stereotypic behaviors, the concept of zoochosis, and the effects of enrichment toys. The detail is consistent and mostly objective, though some statements rely on paraphrased notes and could be more explicitly detailed.","This submission presents and justifies the problem of insufficient cognitive enrichment for Natasha, the Amur leopard, in captivity with clarity and detail. The problem identification is clear and objective, while the problem definition provides substantial context about natural behaviors and captivity challenges. The elaboration includes relevant behavioral impacts and enrichment strategies. Stakeholder analysis identifies a broad range of primary and secondary stakeholders, including the animal, zookeepers, veterinarians, zoo management, conservation groups, and visitors. The use of sources is solid, drawing on multiple credible, timely, and varied references that support the problem justification. Objective detail is consistently present, with quantitative and qualitative data supporting claims. To improve, the presentation could more explicitly link some stakeholder concerns to specific enrichment outcomes and include more recent data or statistics on enrichment effectiveness. Additionally, minor typographical errors (e.g., 'aslo' instead of 'also') should be corrected for professionalism. Overall, this is a well-developed problem presentation that effectively sets the stage for design solutions.",5,4.5,0.5,half,0,2026,5-Apr
Case173_555102.pdf,2026,,Placeholder text for scoring.,5,5,5,1,0,2,4,4,4,4,1,3,,,,,,,"[""Examine whether the problem identification sufficiently distinguishes the issue beyond a general desire for aesthetics, considering the specific description of the 'boring' area and its impact on emotions."", ""Consider if the problem definition's depth is adequate given the lack of measurable goals or constraints, and whether the explanation of nature's benefits compensates for this."", 'Evaluate the extent to which the elaboration on design features and emotional benefits is detailed enough to move beyond general statements.', 'Assess whether the mention of only students and staff adequately represents primary stakeholder groups or if other relevant groups should be considered.', ""Review the credibility and variety of the cited sources, particularly the Gatesman Agency and Berkeley Edu, to determine if they meet the rubric's standards for credible and timely sources.""]","The problem identification is clear and objective: the area in front of the school is described as 'boring' and lacking aesthetic appeal, which the team aims to improve to promote positive emotions for students and staff. The description of the current state and the desired outcome is explicit.","The problem is defined with some depth, explaining the desire to improve the school's front area by adding natural features to evoke positive emotions. However, the definition does not include detailed specifics such as measurable goals or constraints.","The problem elaboration is generally present, with some explanation of why nature is beneficial and examples of design elements (flowers, bird feeders, rock path). However, the elaboration is somewhat general and lacks detailed analysis or more extensive reasoning.","The primary stakeholders mentioned are students and staff, which are two distinct groups. No other stakeholder groups are identified, limiting the score to at least a few but not several or many.","The justification cites two external sources: Gatesman Agency and Berkeley Edu, which appear credible and timely. The sources support the emotional impact of visuals and benefits of nature. However, the variety is limited to two sources.","The problem justification offers generally objective detail, including quotes and references to scientific findings about nature's benefits. However, some statements remain somewhat subjective or general without extensive data or metrics.","This submission presents a generally clear and objective identification of the problem related to infant respiratory monitoring, demonstrating an adequate understanding of the clinical context and challenges. The elaboration includes analysis of various prior technologies, their strengths, and weaknesses, showing a developed insight. The document identifies several primary stakeholders, including respiratory therapists, infants, and medical professionals, but could improve by more explicitly differentiating additional stakeholder groups and their concerns. The problem justification is supported by numerous credible and timely sources, including peer-reviewed articles and reputable medical websites, though expanding the variety of sources could strengthen the argument further. Objective detail is mostly consistent, with quantitative data and procedural descriptions enhancing the justification, but occasional subjective phrasing and minor ambiguities reduce clarity. To improve, focus on synthesizing the extensive information more concisely, explicitly delineate a broader range of stakeholders, and ensure all claims are supported with clear, objective evidence. Additionally, refining the writing to reduce repetition and enhance clarity will strengthen the overall presentation.",3.333333333,3,0,integer,0.5,2026,4-Mar
Case196_420000.pdf,2026,,Placeholder text for scoring.,4,2,0,0,0,0,4,3,3,2,2,3,,,,,,,"[""Examine whether the problem statement 'Can we make bricks on the Moon?' and its explanation sufficiently fulfill the rubric's requirement for clarity and objectivity in problem identification."", 'Consider if the environmental data and mission context provided offer enough depth to the problem definition or if more technical or scientific background is needed.', 'Evaluate the extent to which the outreach activities and identified stakeholders represent distinct primary stakeholder groups beyond the immediate project team and local community.', 'Assess whether the cited sources, including web images and material databases, provide a credible and varied foundation for problem justification or if they are too limited in scope and type.', 'Review the level of objective detail in the engineering analyses and trade studies to determine if they consistently support the problem justification or if some areas lack sufficient quantitative or technical evidence.']","The problem identification is stated as 'Can we make bricks on the Moon?' with an explanation of its importance for lunar habitats and scientific experiments. The problem is presented clearly and objectively, supported by a trade study and selection rationale.","The problem is defined with adequate depth, including the scientific objective, measurement requirements, instrumentation, and environmental conditions at the Shackleton crater. The payload design requirements and mission context add further detail to the problem definition.","The problem is elaborated with trade studies on science objectives, payload concepts, material selection, and engineering analyses. The concept of operations and risk analysis provide a developed elaboration, though some aspects could be more detailed.","The document references primarily the engineering team and the scientific community indirectly, with outreach activities targeting high school students, teachers, parents, and the general public. However, only a few primary stakeholder groups are identified, lacking broader stakeholder diversity.","The sources cited include three web links for images related to bricks, helium-3, and moonquakes, and material data sheets from spacematdb.com. These are credible but limited in number and variety, mostly serving as background rather than comprehensive justification.","The justification offers mostly objective detail, including quantitative environmental data, instrument specifications, power requirements, and mission parameters. The inclusion of trade studies and engineering analyses supports an objective and detailed justification.","This project identifies the need for a storage and display space for culturally significant mojigangas, including the importance of addressing this problem and potential consequences. The problem definition outlines key requirements and challenges but remains at a basic level without deeper technical or contextual detail. The elaboration includes some discussion of material and environmental considerations and stakeholder needs, though it is somewhat general and lacks detailed analysis. Stakeholder identification is limited to two individuals, omitting broader groups that could provide additional perspectives. The use of sources is present but limited in variety and integration, with some references only loosely connected to the problem. Objective details such as measurements and design features are included but sometimes lack precision or completeness. To improve, expanding stakeholder analysis, deepening problem elaboration with specific data or research, and incorporating a wider range of credible, relevant sources would be beneficial. Enhancing clarity and completeness in objective details would also strengthen the justification's rigor.",2.833333333,1,0,integer,0.5,2026,2-Jan
Case201_331230.pdf,2026,,Placeholder text for scoring.,3,3,1,2,3,0,3,2,2,2,3,2,,,,,,,"[""Examine whether the description of the problem as 'dysfunctional because it depends on individual property owners' sufficiently clarifies the problem's nature or if it remains somewhat subjective."", 'Consider if the explanation of enforcement only occurring after complaints provides enough depth to the problem definition or if more systemic factors should be included.', ""Evaluate whether the elaboration on injury risks and snowstorm frequency is detailed enough or if it remains too general to fully support the problem's significance."", 'Assess if the identification of only three stakeholder groups adequately represents the primary stakeholders or if additional groups like city agencies or businesses should be considered.', 'Review the variety and credibility of sources cited, particularly the balance between government, health, and news sources, to determine if the justification is sufficiently supported.']","The problem identification is stated and objective: inconsistent and delayed snow removal on NYC sidewalks, with legal responsibility on property owners. The description is specific to NYC and supported by references to city laws and sanitation practices.","The problem definition provides some depth by explaining the legal framework, enforcement issues, and the impact on millions of New Yorkers. However, it lacks more detailed exploration of underlying causes or broader systemic factors beyond responsibility assignment.","The problem is generally elaborated with mention of enforcement mechanisms, risk factors (falls), and seasonal context (snowstorms). However, the elaboration is somewhat general and could be more precise or detailed, such as quantifying delays or enforcement frequency.","Several primary stakeholder groups are identified: pedestrians, older people and people with disabilities, and property owners. These represent distinct groups affected by the problem, but the list is limited to three groups and does not include others such as city agencies, businesses, or emergency responders.","The justification cites multiple credible and timely sources including NYC government websites, CDC data, and a news article. The sources are varied (government, health, news) and relevant, providing support for the problem's significance and context.","The justification offers mostly objective detail, such as legal responsibilities, enforcement conditions, injury statistics, and the frequency of snowstorms. While generally consistent, some statements could be more quantitatively detailed to reach a higher level.","This submission identifies the problem of students using phones during school hours and names relevant stakeholders such as students, teachers, and administration. The problem definition includes causes and contexts but remains limited in depth and lacks detailed analysis. Elaboration is minimal, with some examples provided but little exploration of the problem’s broader implications or supporting evidence. The student includes multiple credible and timely sources, which supports the justification, though the sources are not explicitly integrated into the discussion. Objective detail is somewhat present but inconsistent and often subjective, which limits the strength of the justification. To improve, the student should deepen the problem definition by exploring impacts and underlying causes more thoroughly, elaborate with specific data or examples, and explicitly connect source information to their justification. Expanding stakeholder identification to include additional groups affected by the problem would also enhance the analysis. Clearer, more objective language and structured presentation would improve clarity and professionalism throughout the document.",2.333333333,2,0,integer,0.5,2026,3-Feb
Case232_110001.pdf,2026,,Placeholder text for scoring.,1,1,0,0,0,1,4,3,4,2,0,3,,,,,,,"['Examine whether the problem identification sufficiently distinguishes between general challenges and specific, objective problem statements to confirm the clarity level.', 'Evaluate the depth of problem definition regarding quantitative data or broader contextual factors beyond caretaker workload and habitat conditions.', 'Assess the elaboration on health risks to determine if the connections between environmental factors and diseases are comprehensive and detailed enough to justify a higher score.', 'Consider whether the listed stakeholders represent sufficiently distinct primary groups or if some are overlapping or secondary, affecting the stakeholder group count.', 'Review the variety and credibility of sources cited, especially the balance between governmental, veterinary, and peer-reviewed research, to verify the justification strength.']","The problem identification is clearly stated and objective, describing the challenge of replicating turtles' natural environment and meeting their physiological, behavioral, and ecological needs in captivity. The description includes specific issues such as health, longevity, and behavioral problems, and the need for appropriate basking platforms and temperature regulation. While clear and objective, it lacks the level of clarity and precision that would warrant a higher score.","The problem definition is provided in adequate depth, detailing multiple specific challenges such as maintenance demands, water quality, temperature control, UVB lighting, substrate hazards, and cleaning difficulties. The explanation includes consequences of neglect and specific caretaker workload issues. However, it does not reach a more comprehensive depth that would include additional quantitative data or broader contextualization.","The problem is elaborated with detailed descriptions of diseases, health risks, and physiological consequences of poor care, including shell rot, respiratory infections, metabolic bone disease, and behavioral impacts. The explanation connects environmental factors to health outcomes and ethical concerns. The elaboration is reasonably developed but not fully comprehensive or detailed enough to merit a higher rating.","The document identifies several primary stakeholders: Hailey and Attia as field experts, and secondary stakeholders including Towson students, staff, Dr. Kimball, and the university president. While multiple stakeholders are named, the groups are somewhat overlapping and not extensively differentiated. The number and diversity of primary stakeholder groups is adequate but not extensive.","The problem justification cites multiple credible and timely sources: U.S. Fish and Wildlife Service guidelines, VCA Animal Hospitals veterinary information, and peer-reviewed research from Animals/MDPI. These sources are authoritative, varied, and relevant. The use of three distinct types of credible sources supports a reasonable justification, though the number is not numerous enough for a higher score.","The justification offers mostly objective detail, including measurable parameters such as basking temperature ranges, ammonia and nitrite levels, UVB light replacement, and monthly weighing. The document links these objective measures directly to health outcomes and care practices. The detail is consistent and generally clear, though some areas could be more quantitatively precise or comprehensive.","This submission presents a generally clear and objective identification of the problem, linking poor tank conditions to turtle health issues. The problem definition offers some development by explaining biological needs and toxic effects of improper maintenance, though it could benefit from more detailed data or broader context. The elaboration is adequate, with specific environmental variables and their impacts described. However, the identification of stakeholder groups is limited, naming only a few primary stakeholders without broader representation. The justification relies heavily on a single partially credible source, lacking variety and depth in supporting evidence. Objective detail is present but somewhat limited and inconsistent, with some statistics but insufficient comprehensive data. To improve, the team should expand stakeholder analysis to include more diverse groups, incorporate multiple credible and varied sources to strengthen justification, and provide more consistent objective data throughout. Adding more specifics and examples would also enhance problem definition and elaboration. Overall, the work shows potential but requires deeper research and fuller development to reach higher levels of rigor and completeness.",2.666666667,0.5,0.5,half,0,2026,0-1
Case270_434544.pdf,2026,,Placeholder text for scoring.,4,3,4,5,4,4,5,5,5,5,5,5,,,,,,,"[""Examine whether the problem statement's clarity and objectivity fully capture the complexity of the issue beyond the basic description of paper crumpling."", 'Consider if the problem definition sufficiently addresses the mechanical causes and user behaviors contributing to paper damage or if it remains somewhat general.', 'Evaluate the depth of elaboration on stakeholder concerns, especially whether the environmental impact discussion is adequately developed or only superficially mentioned.', 'Assess whether the identified stakeholder groups are truly distinct and primary, or if some could be considered overlapping or secondary, affecting the stakeholder count.', 'Review the credibility and variety of sources cited, particularly the reliance on product pages and a single research article, to determine if the justification is sufficiently supported.']","The problem identification is clear and objective, explicitly stating that papers get crumpled when inserted into folders, affecting users such as students, teachers, and office workers. The description includes the cause (papers catching on folder edges or other papers) and the context of use, providing a generally clear overview of the issue.","The problem definition adequately describes the specific issue of paper damage during vertical insertion into closed folders, the frequency of occurrence, and the impact on users with many papers. It explains the mechanics behind the problem and the consequences of paper damage, though some aspects could be more fully developed.","The problem is elaborated with explanations of how the problem manifests for different stakeholders and the environmental impact of paper waste. The elaboration includes examples of how papers get caught and the resulting inefficiencies, providing relevant detail but with some points that could be further analyzed.","The document identifies several primary stakeholder groups: students, teachers, office workers, parents, and manufacturers, each with distinct concerns. It also mentions secondary stakeholders such as schools, businesses, and the environment, showing a reasonably broad stakeholder consideration.","The justification cites credible and timely sources including a 2020 research article on thin sheet mechanics and reputable websites for product examples and environmental impact. However, the variety is somewhat limited to a few sources, and some are product pages rather than research or authoritative publications.","The problem justification offers mostly objective detail, including a scientific explanation of paper buckling, specific examples of stakeholder concerns, and environmental consequences. The detail is generally consistent and clear, though some claims could be supported with more quantitative data.","This submission provides a strong and well-developed presentation and justification of the problem related to dogs tracking contaminants indoors. The problem identification is clear and objective, supported by relevant statistics and authoritative sources. The problem definition offers solid depth, explaining the nature, causes, and impacts of the issue. The elaboration provides detailed context and consequences for both pets and humans. The identification of stakeholder groups covers most relevant parties affected by the problem. The justification is supported by numerous credible, timely, and varied sources, including peer-reviewed research and professional organizations. Objective detail is consistently provided throughout, with quantitative data and specific examples enhancing the argument. To improve further, more recent data could be included if available, and the economic impact on stakeholders might be expanded. Overall, this is a thorough problem presentation that effectively sets the stage for subsequent design work.",5,4,0,integer,0.5,2026,5-Apr
