filename,SubmissionYear,source_type,text,B1__expert,B2__expert,B1_api,B2_api,B1_flag,B2_flag,scoring_hints,B1_rationale,B2_rationale,narrative_feedback,element_score_raw,expert_score,fractional_part,score_type,band_center_distance,selection_year,selection_band,,
Case002_35.pdf,2025,,,3,5,4,3,,,"['Examine whether the student’s description of the Komodo dragon trap and alligator cage truly represent distinct prior solutions or variations of a single concept, affecting the assessment of source variety.', 'Evaluate if the analysis of handle designs sufficiently differentiates their suitability for the project’s weight and safety requirements, or if the discussion remains too general.', 'Consider whether the student’s discussion of anesthesia avoidance and trap release challenges is used to justify design decisions or merely described without clear linkage to their own design.', 'Assess if the comparisons between Komodo dragon traps and alligator cages include explicit reasoning about why one design might be preferred over the other for the student’s project.', 'Determine whether the pros and cons listed for the various handles are integrated into a coherent argument that supports the selection of a particular handle type for the final design.']","The student documents multiple prior attempts to solve the problem, including Komodo dragon traps, alligator cages, and various handle designs. These sources are clearly identified and generally credible, such as Reptiles Magazine, zoo experts, and hardware products. However, the variety is somewhat limited, focusing mainly on similar box/trap designs and handles, without a broad range of distinctly different approaches.","The analysis includes some strengths and shortcomings of the prior designs, such as bait effectiveness, trap door mechanisms, and handle durability. There is some comparison between Komodo dragon traps and alligator cages, and between different handle types. However, the evaluation lacks depth in explicitly explaining why one solution is better than another or how these analyses directly inform the student's design choices. The reasoning is somewhat incomplete and descriptive rather than fully analytical.","This submission shows an effort to identify multiple prior design attempts related to capturing and transporting Komodo dragons and similar animals, including traps, cages, and handles. The student draws from credible sources such as zoo experts and hardware products, providing generally clear descriptions of the designs and their components, which supports the documentation. The inclusion of different handle types and their pros and cons adds relevant detail. However, the analysis of these prior attempts is somewhat limited. While some strengths and weaknesses are noted, the submission does not provide a thorough comparison that clearly explains why certain design features are preferable or how these insights directly influence the design decisions. The reasoning tends to be more descriptive than evaluative, missing opportunities to justify design choices based on the prior work. To improve, the student should deepen the analysis by explicitly comparing multiple solutions and clearly articulating the advantages and disadvantages of each. They should also connect these evaluations more directly to their own design decisions. Including more varied sources or alternative approaches beyond similar box traps and handles would further strengthen the documentation and analysis.",3.5,4,0,integer,0.5,2025,4-5,,
Case004_11.docx,2025,,,1,1,4,3,,,"['Examine whether the student’s descriptions of the HaulPro Handlebar Extender and Bi-Unique Handlebar Extension include enough detail to support a clear comparison or if they remain isolated observations.', 'Consider if the analysis of the Handlebars Extender for Baby Carriages sufficiently explains why its single attachment point is a significant shortcoming relative to other designs.', 'Evaluate whether the discussion of the Harloff Offset Push Handle’s installation challenges and material limitations is used to justify design decisions or merely listed as observations.', 'Assess if the student’s use of only commercial product listings as sources limits the breadth of prior design exploration and whether this affects the credibility and variety of prior attempts.', 'Determine if the student explicitly compares the advantages and disadvantages across multiple prior designs or if the analysis is fragmented and lacks integrated reasoning.']","The student documents four distinct prior design attempts, each clearly identified with source URLs and descriptions. The sources are credible commercial products, showing a variety of prior solutions. However, the sources are all product listings rather than a broader range of literature or technical references, so while the variety is evident, it is somewhat limited for a higher score.","The analysis includes strengths and shortcomings of each prior design, with some relevant details such as compatibility, usability, and installation issues. However, the comparisons between the designs are implicit rather than explicit, and there is no clear reasoning about which design is preferable or why. The analysis lacks a comprehensive, detailed comparison or justification of the best approach.","This submission demonstrates a reasonable effort in identifying multiple prior design attempts relevant to the problem, drawing from four clearly identified and credible commercial sources. The descriptions provide useful details about each design’s form and function, which helps establish a foundation for understanding existing solutions. The documentation shows awareness of specific limitations, such as compatibility with certain carts and usability challenges, which adds some value to the analysis. However, the evaluation of these prior attempts remains somewhat limited. While strengths and weaknesses are noted, the submission does not explicitly compare the designs or clearly explain why one might be better suited than others. There is also no discussion of how these insights influenced the design decisions. To improve, the analysis should include explicit comparisons, highlight trade-offs, and justify which features or approaches are most promising. Incorporating more diverse sources beyond product listings and integrating quantitative or user-centered data would also strengthen the analysis. Overall, focusing on deeper comparative analysis and clearer justification will enhance the quality and usefulness of the documentation and analysis of prior design attempts.",3.5,1,0,integer,0.5,2025,1-2,,
Case006_42.pdf,2025,,,4,2,3,2,,,"['Examine whether the four cited AI applications represent sufficiently varied and credible prior solutions or if they are too narrowly focused on similar AI technologies in healthcare.', 'Evaluate if the analysis section provides explicit comparisons between the different AI tools or merely lists their features and drawbacks without connecting them.', 'Consider whether the ethical concerns and reliability issues mentioned are supported by relevant data or remain vague assertions lacking depth.', 'Assess if the student’s discussion of advantages and disadvantages is balanced and detailed enough to inform design decisions or if it is superficial.', 'Determine whether the sources cited, such as the Beckman Institute and FDA-approved robotic surgery, are integrated into a coherent analysis that justifies the design approach or are presented as isolated facts.']","The student identifies multiple prior attempts to solve related problems, referencing four distinct AI applications in medical contexts with clear source citations. However, the sources show some repetition in theme (all AI in medical diagnostics or assistance) and offer limited variety in types of solutions or approaches beyond AI tools. The sources are generally credible but vary in detail and depth.","The analysis mentions some strengths and shortcomings of AI in medical applications, such as accuracy, speed, ethical concerns, and potential risks. However, the discussion remains general, with limited detail and minimal relevant supporting data. There is no explicit comparison between the different prior solutions, nor is there reasoning about which solution is preferable or why. Advantages and disadvantages are mentioned but not clearly linked or evaluated comparatively.","This submission identifies several prior design attempts related to AI applications in healthcare, including tumor detection, therapy session management, disease detection, and robotic surgery, with clear source citations. The focus is primarily on AI-based solutions, which limits the scope of prior approaches considered. The analysis notes some advantages and disadvantages of these AI tools, such as speed, accuracy, ethical concerns, and reliability issues, but these points are not developed with detailed supporting data or explicit comparative reasoning. To improve, the analysis would benefit from including a broader range of prior solutions, providing more detailed and data-supported evaluations, and explicitly comparing alternatives to justify design decisions. Clarifying the rationale behind selecting or rejecting certain approaches would also enhance the overall quality of the evaluation.",2.5,3,0,integer,0.5,2025,3-4,,
Case007_31.pdf,2025,,,3,1,3,2,,,"['Examine whether the four cited sources represent a sufficiently varied set of prior solutions or if they mainly focus on similar AI applications, affecting the assessment of source variety.', 'Evaluate the depth of the analysis regarding the strengths and shortcomings of the AI models described, particularly whether the discussion moves beyond general statements to detailed, data-supported insights.', 'Consider if the submission explicitly compares the different AI solutions or merely lists them, as this impacts the quality of the analysis and justification.', 'Assess whether the ethical concerns and potential risks mentioned are integrated into a reasoned evaluation of the solutions or remain isolated observations.', 'Review the extent to which the student links the prior attempts to their own design decisions or preferences, which is important for a strong justification.']","The student identifies multiple prior attempts to use AI in medical applications, citing four distinct sources covering tumor detection, therapy session management, disease detection, and robotic surgery. These sources are generally credible and clearly identified, although the variety is somewhat limited to AI applications in healthcare without broader design alternatives.","The analysis mentions some strengths and shortcomings of AI in medical contexts, such as accuracy, speed, ethical concerns, and potential risks. However, the discussion is somewhat general, lacks detailed supporting data, and does not explicitly compare the different solutions or explain why one might be preferable to another. The advantages and disadvantages are noted but not clearly linked or reasoned.","This submission shows an effort to identify multiple prior design attempts related to AI in healthcare, including tumor detection, therapy session management, disease diagnosis, and robotic surgery. The student provides clear citations and some description of each source, indicating an understanding of AI applications in medicine, though the variety of sources is somewhat narrow, focusing mainly on AI tools without exploring alternative design approaches or technologies. The analysis of these prior attempts is limited by a lack of detailed comparison and reasoning. While some strengths and weaknesses are mentioned, such as AI’s accuracy and ethical concerns, the discussion remains general and does not clearly explain why one solution might be better or more suitable than others. To improve, the student should provide more explicit comparisons between the solutions, include relevant data or examples to support claims, and articulate how these insights influenced their own design decisions. Additionally, addressing the reliability and ethical implications in more depth would strengthen the analysis and justification.",2.5,2,0,integer,0.5,2025,2-3,,
Case008_01.pdf,2025,,,0,1,3,2,,,"['Examine whether the sources cited for the Churchill Digital Map and Churchill On Paper Map are sufficiently credible and clearly identified to justify the score for documentation variety.', 'Evaluate if the analysis section provides enough detail and relevant supporting data to distinguish between the strengths and weaknesses of the two prior design attempts.', 'Consider whether the student explicitly compares the two prior solutions or merely describes them in isolation, affecting the depth of analysis.', 'Assess if the lack of images or visual aids impacts the clarity and completeness of the documentation and analysis of prior attempts.', 'Review whether the identified shortcomings are supported by concrete examples or data, or if they remain vague and unsupported, influencing the justification quality.']","The student documents two prior design attempts, both clearly identified and generally credible as they come from former students and school sources. However, the sources are somewhat limited to these two, and no external or broader sources are referenced, which restricts the variety.","The analysis of the two prior attempts is present but somewhat general and lacks detail. The student identifies shortcomings (lack of practicality, inability to navigate between floors) but does not provide supporting data or detailed reasoning. There is no explicit comparison or explanation of strengths, nor is there reasoning about why one solution might be better than the other.","This submission shows an effort to document prior design attempts by identifying two distinct solutions aimed at helping students navigate the school. The sources are credible within the school context, and the student provides basic descriptions of each design, which partially meets the documentation requirement (B1). However, the analysis of these prior attempts (B2) is limited. The student notes some shortcomings but does not provide detailed evidence or data to support these claims, nor do they discuss any strengths or compare the two solutions explicitly. This limits the depth of understanding and the ability to justify future design decisions based on these analyses. To improve, the student should include more detailed evaluations of each prior attempt, citing specific examples or data where possible. They should also explicitly compare the two designs, discussing both advantages and disadvantages, and explain why one might be preferable. Including a wider variety of sources or alternative solutions would strengthen the documentation. Adding images or diagrams with explanations could also enhance clarity and support the analysis.",2.5,0.5,0.5,half,0,2025,0-1,,
Case012_32.pdf,2025,,,3,2,3,2,,,"['Examine whether the use of the same EPA source for two prior attempts limits the variety of sources and how that affects the credibility and breadth of documented prior solutions.', 'Consider if the analysis sections provide explicit comparisons between the prior designs or merely describe each in isolation without evaluating relative strengths and weaknesses.', 'Assess whether the student’s descriptions of mold prevention methods and system features include sufficient detail and relevant data to support a clear understanding of each design’s effectiveness.', 'Evaluate if the student’s analysis explains why certain design features are better or worse, or if it only states observations without connecting them to design decisions.', 'Review the extent to which the student integrates the prior attempts’ analyses to justify their own design approach, or if the analyses remain disconnected and underdeveloped.']","The student documents three prior design attempts, each with a clearly identified and generally credible source (EPA and Penn State Extension). However, the sources show limited variety, with two attempts citing the same EPA guide. This meets the criteria for several but not sufficiently varied, clearly identified and generally credible sources.","The analysis of prior attempts includes some strengths and shortcomings but remains somewhat general and lacks detailed, relevant supporting data. The student describes some features and outcomes of each design but does not explicitly compare the solutions or provide clear reasoning about their relative advantages and disadvantages. The analysis is primarily descriptive rather than evaluative.","This submission provides documentation of multiple prior design attempts related to mold prevention in greenhouse watering systems, drawing from generally credible sources such as the EPA and Penn State Extension (B1). Three prior solutions are clearly identified with some contextual details, indicating an understanding of the problem space. However, the sources are somewhat limited in variety, with two attempts relying on the same EPA guide, which restricts the breadth of perspectives. The analysis of these prior attempts (B2) is somewhat general. While some strengths are noted, such as the use of materials that prevent mold and the functioning of pumps and filters, the discussion lacks depth and does not explicitly compare the designs or weigh their pros and cons. There is limited evidence of critical evaluation or justification for preferring one design over another. To improve, more detailed, data-supported analysis should be provided, with explicit comparisons of the prior solutions and clearer explanations of their advantages and disadvantages. Including more varied sources and integrating the analysis to justify design decisions would enhance the documentation and analysis.",2.5,2.5,0.5,half,0,2025,2-3,,
Case020_12.pdf,2025,,,1,2,2,2,,,"[""Examine whether the description of Matt's multiple attempts constitutes multiple distinct prior solutions or iterations of a single solution when evaluating the variety of sources."", 'Consider if the analysis of strengths and shortcomings includes sufficient detail and relevant data to support clear comparisons between attempts.', 'Assess whether the student explicitly explains why certain design features were retained or discarded based on the prior attempts, or if the analysis remains descriptive without justification.', ""Verify if any external sources or alternative design concepts beyond Matt's attempts are referenced or implied, which would affect the breadth of prior solutions documented."", 'Evaluate whether the frustrations and failures described are linked to specific design decisions or improvements, or if they are presented as isolated observations without impact on the final design.']","The student documents only one prior design attempt series by Matt, describing multiple iterations of a filament holder. Although multiple attempts are mentioned, they all relate to a single design concept rather than a variety of distinct prior solutions or sources. The source is clearly identified (Matt's attempts), but the range of sources is somewhat limited.","The analysis includes some strengths and shortcomings of Matt's attempts, such as issues with material strength, sizing, and missing parts. However, the analysis is overly general and lacks detailed supporting data or explicit comparison between different design ideas. There is no clear reasoning about why one design is better than another or why the final approach was chosen.","This submission provides a generally clear description of prior design attempts focused on a single concept: Matt's filament holder iterations. The documentation identifies specific problems encountered, such as material weakness and sizing errors, which indicates some understanding of the challenges faced. However, the work is limited by its narrow scope, as it does not explore or document alternative design concepts or solutions from other sources, which restricts the breadth of prior research (B1). The analysis of these attempts is somewhat superficial. While some shortcomings and frustrations are noted, the evaluation lacks depth, detailed data, and explicit comparisons between different attempts. There is no clear justification for why one design was preferred or how the failures informed the final design direction (B2). To improve, it would be beneficial to seek out and document multiple distinct prior solutions, including those from external credible sources, and provide a more detailed, data-supported analysis comparing their strengths and weaknesses. Additionally, explicitly explaining how these insights influenced design decisions would strengthen the justification and overall analysis.",2,1.5,0.5,half,0,2025,1-2,,
Case025_00.docx,2025,,,0,0,3,2,,,"['Examine whether the sources cited, such as the University of Maryland and the stakeholder Dr. Anderson, represent sufficiently varied and credible prior attempts or if they mostly reflect a single design approach.', 'Evaluate if the analysis sections for each prior attempt provide clear, detailed comparisons of strengths and weaknesses or if they remain mostly descriptive without supporting data.', 'Consider whether the student explicitly justifies the final design choice based on the documented prior attempts or if the rationale is vague and disconnected from the analysis.', ""Assess the clarity and completeness of the measurement details and how they impact the evaluation of prior designs, especially given the student's mention of confusion about measurements."", 'Review the extent to which the student discusses the effectiveness and limitations of the fire alarm system and water balloon concept in the prototype and final design, and whether this informs the overall analysis.']","The student documents four prior design attempts, each with a source identified, including a university engineering school, a stakeholder, an online tool, and a website for fire alarm components. While the sources are generally credible and clearly identified, the variety is somewhat limited as the attempts mostly focus on sketches and prototypes related to the same design concept rather than distinctly different approaches or alternative solutions.","The analysis of prior attempts includes some mention of strengths and shortcomings, such as confusion about measurements, time spent learning software, limited resources, and issues with balloon cost and effectiveness. However, the analysis is somewhat general, lacks detailed supporting data, and does not explicitly compare the different attempts or explain why one design was chosen over others. The reasoning is limited and does not clearly justify design decisions.","This submission shows an effort to document multiple prior design attempts, referencing credible sources such as a university engineering school, a stakeholder, and an online design tool, which supports the documentation (B1). The descriptions include sketches, prototypes, and a final design, indicating some understanding of the iterative design process. However, the analysis of these attempts (B2) is somewhat limited and lacks depth. The student notes some challenges and minor successes but does not provide detailed comparisons or data to support why certain design choices were made. There is little explanation of how strengths and weaknesses influenced the final design, and the analysis remains mostly descriptive rather than evaluative. To improve, the student should explicitly compare the different design attempts, clearly state advantages and disadvantages, and explain how these informed their final solution. Including more detailed measurements, data, or testing results would also strengthen the analysis. Additionally, clarifying the role of each source and expanding the variety of prior solutions considered would enhance the documentation and analysis overall.",2.5,0,0,integer,0.5,2025,0-1,,
Case028_45.pdf,2025,,,4,5,4,3,,,"['Examine whether the student’s use of a patent and commercial product pages truly reflects a wide array of credible sources or if the sources are too similar in nature to justify a top score for variety.', 'Consider if the analysis sections provide enough explicit comparison and reasoning about why one prior design might be preferred over others, or if they mainly list features without deeper evaluation.', 'Evaluate the impact of the vague placeholder ""[insert reviews]"" in the analysis of the second prior design on the credibility and completeness of the supporting data.', 'Assess whether the pros and cons listed for each prior design are sufficiently detailed and supported by relevant data, or if some points are too general or unsupported.', 'Determine if the student’s analysis connects the strengths and weaknesses of prior designs to their own design decisions, or if the observations remain isolated without clear justification.']","The student documents four distinct prior design attempts from clearly identified and credible sources, including commercial products and a patent. The sources are varied, covering manual push handles, folding mechanisms, ergonomic considerations, and a motorized wheelchair solution. This variety and clear identification support a score of 3 rather than 2 or 4.","The analysis includes pros and cons for each prior design and some relevant supporting data such as user reviews and design features. However, the comparisons between solutions are limited and lack explicit reasoning about why one design is preferable over others. The analysis is generally clear but does not consistently explain trade-offs or justify design choices, which limits the score to 3.","This submission identifies multiple prior design attempts relevant to the problem, drawing from a variety of credible sources including commercial products and a patent. The student describes features, pros, and cons for each design, showing an understanding of different approaches to pushing or pulling wheeled objects. This breadth of exploration is a notable aspect. However, the analysis of these prior attempts is somewhat limited in comparing the solutions and justifying which features are most beneficial or problematic. While pros and cons are listed, the submission does not consistently explain why certain designs might be better suited for the client’s needs or how the shortcomings influenced the design decisions. To improve, clearer comparisons between designs, explicit discussion of trade-offs, and connections to the student’s own design choices would be beneficial. Additionally, including more detailed data or user feedback would strengthen the evaluation. Clarifying ambiguous references such as ""[insert reviews]"" would also enhance credibility and completeness.",3.5,4.5,0.5,half,0,2025,4-5,,
Case038_34.pdf,2025,,,3,4,4,3,,,"['Examine whether the student’s use of three sources from Green City Times, ResearchGate, and ScienceDirect truly represents a variety of consistently credible sources or if the sources are too similar in nature.', 'Evaluate if the analysis sections provide explicit comparisons between the prior design attempts or if they merely describe each attempt separately without direct contrast.', 'Consider whether the student’s identification of strengths and shortcomings is sufficiently detailed and supported by relevant data, or if some claims are vague or unsupported.', 'Assess if the student clearly explains why certain prior solutions fail to meet design requirements and whether this reasoning informs their own design choices.', 'Determine if the absence of explicit reasoning about which prior solution is better and why limits the justification quality in the analysis.']","The student documents three distinct prior design attempts, each sourced from credible and clearly identified publications (Green City Times, ResearchGate, ScienceDirect). This variety of sources reflects an effort to explore multiple prior solutions, meeting the criteria for a variety of clearly-identified and consistently-credible sources.","The analysis includes strengths and shortcomings of each prior design attempt with relevant details and some supporting data. However, the comparisons between solutions are implicit rather than explicit, and the reasoning about why one solution is better than another is limited. The student identifies limitations such as lack of adaptability and reliance on user behavior but does not clearly explain which prior solution is preferable or how these insights directly inform their design choices.","This submission shows an effort to identify multiple prior design attempts addressing energy conservation, drawing from a variety of credible sources such as Green City Times, ResearchGate, and ScienceDirect. The student documents three distinct approaches, which contributes to the breadth of research (B1). The analyses of each prior attempt include relevant strengths and weaknesses, indicating an understanding of the limitations inherent in manual scheduling, static smart plugs, and non-AI smart home systems. However, the evaluation lacks depth in directly comparing these solutions and justifying why one might be more effective than others. The student tends to describe each prior attempt separately without explicitly contrasting their advantages and disadvantages or explaining how these insights influenced their design decisions (B2). To improve, clearer comparative analysis should be provided, explicitly stating which prior solutions are preferable and why, and connecting these evaluations to the design rationale. Including more detailed supporting data or examples would also strengthen the analysis. Addressing these points would enhance the overall rigor and coherence of the documentation and analysis.",3.5,3.5,0.5,half,0,2025,3-4,,
Case119_21.docx,2026,,,2,1,3,2,,,"[""Examine whether the sources cited for each prior design attempt meet the rubric's criteria for credibility and variety, especially considering the predominance of web-based sources."", ""Evaluate the depth and clarity of the analysis provided for Henry Parmelee's and William Congreve's designs, noting whether strengths and shortcomings are supported by relevant data."", ""Consider the impact of the missing or minimal analysis for Ambrose Godfrey's fire extinguisher on the overall quality of the comparative evaluation."", 'Assess whether the student explicitly compares multiple prior designs to justify design choices or if the analysis remains isolated descriptions without clear reasoning.', 'Review the extent to which the student uses the documented strengths and weaknesses of prior designs to inform or justify their own design decisions, especially in the absence of detailed comparisons.']","The student documents five prior design attempts with multiple sources cited for most attempts, including websites and vendor pages. However, the sources are mostly web-based and not clearly from peer-reviewed journals, professional organizations, or government agencies. The sources are generally credible but show limited variety in source type. Some prior attempts lack clear source citations or have incomplete source information. Overall, several prior designs are identified but the source variety and credibility are somewhat limited.","The analysis of prior attempts is present but generally brief and lacking in detail. Strengths and shortcomings are mentioned for some designs, such as manual operation dependency and dust/debris issues, but the explanations are often vague or incomplete. There is minimal explicit comparison between the different prior designs, and no clear reasoning about why one design is better than another. The analysis does not consistently use relevant data or detailed evidence to support claims.","This submission identifies multiple prior design attempts related to fire sprinkler systems, referencing five different historical designs with some source citations, which indicates an understanding of the need to document prior work. However, the sources are primarily web pages and lack diversity in type and authority, which limits the credibility and depth of the research. Some prior attempts have incomplete or missing source information, weakening the overall documentation. The analysis of these prior designs includes some mention of strengths and weaknesses, such as manual operation limitations and issues with dust accumulation, but the explanations are often brief and lack detailed supporting data. There is little explicit comparison or reasoning to explain why certain designs were more successful or preferable, which reduces the effectiveness of the analysis. To improve, more detailed evaluations of each design’s performance, explicit comparisons among designs, and explanations of how these insights influenced design decisions would be beneficial. Additionally, incorporating more credible and varied sources would strengthen the documentation and analysis.",2.5,1.5,0.5,half,0,2026,1-2,,
Case120_43.docx,2026,,,4,3,4,2,,,"[""Examine whether the sources cited for each prior design attempt meet the rubric's criteria for credibility and variety, especially considering the reliance on vendor and general websites."", ""Evaluate the depth and clarity of the analysis provided for Henry Parmelee's automatic fire-extinguisher design, particularly how well strengths and shortcomings are supported by relevant data."", ""Consider the extent to which the student explicitly compares multiple prior designs and provides reasoning about their relative advantages and disadvantages, especially between Congreve's and Parmalee's systems."", ""Assess the completeness and clarity of the analysis for Ambrose Godfrey's fire extinguisher, noting the minimal detail and lack of explanation about its effectiveness or shortcomings."", ""Review the explanation of the Deluge water sprinkler system's shortcomings, focusing on whether the description of false triggering is sufficiently detailed and connected to design requirements.""]","The student documents five prior design attempts with multiple sources cited for most attempts. The sources include websites and vendor pages, which are generally credible but not peer-reviewed journals or government agencies. The sources are clearly identified, and multiple prior designs are presented, indicating some variety and breadth.","The analysis of prior attempts is present but generally vague and lacks detailed, relevant supporting data. While some strengths and shortcomings are mentioned (e.g., manual operation dependency, dust and debris issues, water over-submersion, false triggering of cords), the explanations are brief and not consistently supported by data. There is no explicit comparison between the solutions or reasoning about which design is better and why.","This submission shows an effort to identify multiple prior design attempts related to fire sprinkler systems, drawing from a variety of sources. The student lists five different designs and provides source URLs, which reflects reasonable research breadth and source identification. However, the credibility of some sources could be enhanced by including more authoritative references such as peer-reviewed journals or official standards. The analysis of these prior designs is limited. Although some strengths and weaknesses are noted, the explanations are often vague and lack detailed supporting data or explicit comparisons between designs. Opportunities to explain why certain designs were more effective or how shortcomings influenced later improvements are missed. To improve, clearer and more detailed evaluations of each design’s advantages and disadvantages should be provided, along with explicit comparisons and explanations of how these analyses inform design choices. Including more precise data or examples would strengthen the analysis and justification.",3,3.5,0.5,half,0,2026,3-4,,
Case121_44.docx,2026,,,4,4,4,3,,,"['Examine whether the sources cited for the fire sprinkler system and dry powder extinguisher are sufficiently credible and varied to support a high score for source quality.', 'Evaluate if the analysis sections for each prior design attempt provide explicit comparisons or just isolated pros and cons without linking them to other solutions.', 'Consider whether the discussion of fire department response adequately addresses its limitations in relation to other prior designs or remains a standalone observation.', 'Check if the analysis of the fire blanket includes enough detail on safety and durability shortcomings to justify its critique or if it is too vague.', 'Review the extent to which the student explains why certain prior designs might be preferred over others, especially regarding the cooling effect and re-ignition risk of dry powder extinguishers.']","The student documents five prior design attempts, each with a source cited, including websites and vendor information. The sources are generally credible and clearly identified, such as 'superiorifs.com' and 'firerescue1.com'. The variety includes automatic sprinkler systems, portable extinguishers, fire blankets, fire department response, and dry powder extinguishers, showing a reasonable range of related solutions. However, some sources are less formal (e.g., product pages), and the credibility varies somewhat, which limits the overall strength of the documentation.","The analysis includes strengths and shortcomings for each prior design attempt, such as false alarms for sprinklers, limited effectiveness of fire extinguishers, and delayed fire department response. However, the comparisons between solutions are limited and mostly isolated. There is some explanation of advantages and disadvantages, but the reasoning about which solution is better and why is incomplete and lacks explicit comparative evaluation. The analysis does not clearly justify why one design is preferable over others.","This submission shows a reasonable effort in identifying multiple prior design attempts to address fire safety, drawing from a variety of sources that include commercial websites, product descriptions, and professional articles. The student identifies five distinct solutions, which indicates a moderate breadth of research and understanding of different approaches. The documentation includes relevant details and sources, which supports the credibility of the prior attempts discussed. However, the analysis of these prior designs is somewhat limited. While the student notes some strengths and weaknesses of each solution, the evaluation lacks depth and explicit comparison between the alternatives. The submission would benefit from clearer reasoning about why certain designs are more effective or preferable, and how the shortcomings of one solution might be addressed by another. To improve, the student should focus on developing more detailed comparative analysis, explicitly linking advantages and disadvantages across solutions, and providing justification for selecting or rejecting specific approaches. Including more data or evidence to support these evaluations would also enhance the quality of the analysis.",3.5,4,0,integer,0.5,2026,4-5,,
Case123_23.pdf,2026,,,2,3,3,3,,,"[""Examine whether the source labeled 'patent databases' includes sufficient detail to be considered a clearly identified and credible source, or if the vague citation weakens the evidence for multiple credible sources."", 'Consider if the analysis sections for each prior design attempt provide enough explicit comparison or if they mostly describe strengths and weaknesses in isolation without connecting them to each other.', 'Review the extent to which the student uses relevant data or specific evidence to support claims about the strengths and weaknesses of each prior design, especially regarding durability and material suitability.', 'Assess whether the student’s rationale for why certain prior designs are unsuccessful is clearly linked to the design requirements and problem context, or if it remains too general or vague.', 'Determine if the student’s documentation of sources and images meets the rubric’s expectation for clearly identified and consistently credible sources, or if some sources are insufficiently detailed or credible.']","The student documents five prior design attempts, showing several identified sources including a vendor website, a patent database, and an online article. However, the variety of sources is somewhat limited, with some sources vaguely cited (e.g., 'patent databases' without specific patent numbers or detailed citations). The sources are generally credible but not consistently detailed or varied across different types of credible sources.","The analysis includes strengths and weaknesses for each prior design attempt, with some relevant details about why certain designs fail or succeed relative to the problem. However, the analysis lacks explicit, clear comparisons between the different solutions and does not provide reasoning about which solution is better or why. The explanations are somewhat general and do not consistently use relevant data or detailed evidence to support claims.","This submission shows an effort to document multiple prior design attempts related to the problem, meeting the requirement to explore several solutions (B1). The student identifies sources such as vendor websites, patent databases, and online articles, which are generally credible, though the variety and clarity of source citations could be improved. The inclusion of images and descriptions contributes to the documentation. Regarding analysis (B2), the student provides strengths and weaknesses for each prior design, indicating some understanding of the problem constraints and design requirements. However, the evaluation lacks depth in explicitly comparing the solutions and reasoning about their relative merits. The analysis tends to describe each attempt separately rather than synthesizing insights to justify design decisions. To improve, clearer and more detailed citations for all sources, including specific patent numbers or article titles, would be beneficial. Developing a more explicit comparison between the prior attempts, highlighting why some solutions are preferable, would strengthen the work. Including more relevant data or evidence to support the analysis and explaining how these insights influence the design would also enhance the submission. Finally, refining the clarity and completeness of the analysis will better demonstrate critical thinking about prior designs.",3,2.5,0.5,half,0,2026,2-3,,
Case126_00.pdf,2026,,,0,0,3,2,,,"['Examine whether the sources cited for the prior design attempts represent a sufficiently varied and credible range of solutions, or if they are narrowly focused on similar technologies.', 'Evaluate if the analysis of each prior design attempt includes detailed strengths and weaknesses that are supported by relevant data or examples, rather than general or vague statements.', 'Consider whether the student explicitly compares multiple prior solutions to highlight differences and justify design decisions, or if the analysis treats each attempt in isolation.', ""Assess if the discussion of the prior designs clearly explains how the identified advantages and shortcomings influenced the student's own design choices, or if this connection is missing."", 'Review the clarity and completeness of the rationale given for why certain prior designs are better or worse, especially regarding the sensor reliability and alert mechanisms described in the car sensors and motion detectors.']","The student identifies five prior design attempts, each with a clear source URL, showing several clearly-identified sources. However, the variety of sources is somewhat limited, focusing mainly on sensor and alarm technologies without a broad range of different approaches or disciplines. The credibility of sources is generally acceptable but not extensively established or critically evaluated.","The analysis includes some strengths and shortcomings of individual prior designs, but the discussion is often vague or superficial. There is little explicit comparison between the different prior attempts, and no clear reasoning about why one design is better than another. The explanations lack detailed supporting data and do not clearly justify design decisions for the student's own project.","This submission shows an effort to identify multiple prior design attempts relevant to the problem, with five distinct examples and associated sources (B1). The student provides basic descriptions of each design and notes some strengths and weaknesses, indicating an understanding of the context. However, the variety of sources is somewhat narrow, focusing mainly on sensor and alarm technologies without exploring a wider range of related solutions. The analysis of these prior attempts (B2) is limited in depth and clarity. While some advantages and disadvantages are mentioned, the discussion lacks explicit comparisons between the designs and does not clearly explain why certain features are preferable or how they influenced the student's own design choices. To improve, the student should develop more detailed evaluations supported by relevant data, explicitly compare multiple prior solutions, and clearly justify which design elements are most effective and why. Additionally, integrating more diverse and credible sources would strengthen the documentation and provide a broader foundation for analysis.",2.5,0,0,integer,0.5,2026,0-1,,
Case127_33.docx,2026,,,3,3,4,3,,,"['Examine whether the student’s analysis explicitly compares the advantages and disadvantages of the five prior designs or merely lists them separately without integration.', 'Verify if the sources cited for each prior design attempt are consistently credible and clearly identified, especially for the less detailed entries like the Pink heating pad and Warmies heat bottles.', 'Consider whether the student’s reasoning about cost, size, and discreteness is supported by relevant data or user needs, or if these points are mostly opinion-based without evidence.', 'Assess if the student connects the analysis of prior designs to their own design decisions, or if the evaluations remain isolated observations without influencing the design rationale.', 'Determine whether the student’s critique of sanitary concerns and reusability for the heat pads is sufficiently detailed and justified, or if these points are vague and underdeveloped.']","The student documents five prior design attempts, each clearly identified with sources and product details. The sources include commercial websites and product descriptions, which are credible for this context. The variety includes different types of heat pads and devices, indicating a range of prior solutions.","The analysis includes strengths and shortcomings for each prior design attempt, such as cost, size, discreteness, and usability. However, the comparisons between solutions are mostly isolated observations rather than explicit, detailed comparisons. The student does not clearly explain why one solution is better than another or provide comprehensive reasoning to justify design choices.","This submission shows an adequate effort in identifying multiple prior design attempts related to menstrual heat therapy, drawing from a variety of credible sources (B1). The student provides descriptions of each product, including features and user considerations, which supports the documentation. This range of prior solutions reflects some research and understanding of the problem space. However, the analysis of these prior attempts (B2) is limited in depth when comparing the solutions against each other. While the student notes advantages and disadvantages for each design, these are presented mostly as standalone points without clear, explicit comparisons or reasoning about which features are preferable and why. To improve, the student should focus on directly contrasting the designs, explaining how specific strengths and weaknesses influenced their design decisions. Additionally, including more data or evidence to support claims about effectiveness or usability would enhance the analysis. Finally, clarifying how the final design addresses the shortcomings of prior attempts would provide stronger justification and coherence to the evaluation.",3.5,3,0,integer,0.5,2026,3-4,,
Case132_01.docx,2026,,,0,1,4,3,,,"[""Examine whether the student’s source citations for each prior design attempt are sufficiently detailed and clearly linked to credible organizations or publications, as the 'Source' sections are left blank."", 'Evaluate if the analysis sections provide explicit discussion of both strengths and weaknesses for each prior design, or if they focus mainly on shortcomings.', 'Consider whether the student makes any explicit comparisons between the prior designs to explain relative advantages or disadvantages, or if the analysis treats each attempt in isolation.', 'Assess the clarity and completeness of the rationale given for why each prior design failed, especially regarding how well the student connects failures to specific design requirements.', 'Check if the student’s descriptions and analyses demonstrate understanding of how the prior designs influenced or informed their own design decisions, or if the analysis remains descriptive without justification.']","The student documents five prior design attempts, each clearly identified by name and accompanied by a source citation (e.g., Bloomberg, Smithsonian, BBC, CPSC). The sources appear credible and varied, including news outlets and government agencies. However, the sources are not fully detailed or consistently formatted, and the student does not explicitly state the source for each attempt in the designated 'Source' section, which somewhat limits clarity.","The analysis of each prior design attempt includes clear identification of shortcomings related to design requirements (e.g., cost, social acceptance, safety, privacy). Strengths are implied but not explicitly discussed, and there is no explicit comparison or reasoning about which design is better or why. The analysis is generally clear and supported by relevant data from cited sources but lacks depth and explicit comparative evaluation across the attempts.","This submission identifies multiple prior design attempts relevant to the problem, drawing from a variety of credible sources such as Bloomberg, Smithsonian, BBC, and CPSC. The student names and describes five distinct designs, demonstrating reasonable breadth in research. Each design’s failure is linked to specific design requirements, providing a generally clear analysis of shortcomings. However, the analysis does not explicitly discuss strengths or compare the prior attempts to justify why some solutions might be preferable. The sources are cited but not consistently or fully detailed in the designated sections, which affects clarity and credibility. To improve, the student should explicitly state sources in the source sections, discuss both strengths and weaknesses of each design, and provide a comparative evaluation that explains why certain designs failed or succeeded relative to others. Including more detailed reasoning and explicit comparisons will strengthen the analysis and better support future design decisions.",3.5,0.5,0.5,half,0,2026,0-1,,
Case133_54.docx,2026,,,5,4,4,3,,,"['Examine whether the student’s use of OSHA, ANSI, and ADA regulations is sufficiently integrated into the analysis to support claims about traction coefficients and safety standards.', 'Consider if the discussion of the 3D printed cleat covers versus silicone covers provides enough comparative detail on cost, durability, and usability to justify preference or rejection.', 'Evaluate whether the explanation of safety railings and warning signs adequately addresses their limitations in preventing slipping, or if these points remain isolated observations.', 'Assess the extent to which the student explicitly compares the high traction mats to other solutions in terms of effectiveness and practicality, rather than describing them in isolation.', 'Review the clarity and credibility of the sources cited, especially the URLs and product references, to determine if they consistently support the documented prior attempts.']","The student documents five distinct prior design attempts to address the slipping problem, including silicone cleat covers, 3D printed cleat covers, safety railings, warning signs, and high traction mats. Each source is clearly identified with URLs or named products, and the sources appear credible, including OSHA/ANSI/ADA regulations and product websites. The variety of solutions covers different approaches (physical covers, environmental modifications, signage), indicating a range of credible sources.","The analysis includes some strengths and shortcomings of each prior solution, such as durability, cost, convenience, and effectiveness. However, the comparisons between solutions are limited and somewhat fragmented. While pros and cons are mentioned for individual solutions, explicit, clear comparisons between multiple solutions and reasoning about which is better and why are incomplete. The student notes some trade-offs but does not fully justify why one solution might be preferable overall.","This submission shows a reasonable effort in identifying multiple prior design attempts to solve the slipping problem, drawing from a range of credible and clearly identified sources (B1). The student covers various solutions, including physical cleat covers, safety railings, warning signs, and traction mats, reflecting awareness of different approaches. This variety contributes to the documentation and indicates adequate research breadth. However, the analysis of these prior attempts (B2) is somewhat limited. While the student lists advantages and disadvantages for each solution, the evaluation lacks depth and clear comparative reasoning. The submission would benefit from more explicit comparisons between solutions, explaining why certain features are better or worse and how these insights inform the design choices. To improve, the student should focus on developing a clearer justification for selecting or rejecting specific solutions, integrating data or standards more explicitly, and providing a more structured comparison of alternatives. Additionally, clarifying the sources and including more detailed supporting data would enhance the analysis quality.",3.5,4.5,0.5,half,0,2026,4-5,,
Case142_20.docx,2026,,,2,0,3,2,,,"[""Examine whether the sources cited for the fire extinguisher and fire blanket designs meet the rubric's credibility standards, given the reliance on websites like 'safelincs.co.uk' and 'US fire administration' without clear peer-reviewed or governmental references."", 'Assess the depth of analysis provided for the smoke detector and fire sprinkler designs, particularly whether the student explains specific shortcomings or strengths beyond basic descriptions.', 'Verify if the student explicitly compares multiple prior designs to justify their design decisions or if the analyses remain isolated and descriptive without clear evaluative reasoning.', 'Consider whether the minimal details and vague citations in the analysis sections for the kitchen fire suppression device and other attempts provide sufficient evidence of understanding design trade-offs.', 'Determine if the lack of detailed, data-supported evaluation and absence of explicit reasoning about why one prior design is preferable over others limits the quality of the analysis and justification.']","The student identifies five prior design attempts related to fire safety devices, including smoke detectors, fire extinguishers, fire blankets, sprinklers, and a kitchen fire suppression device. These are drawn from generally credible sources such as 'US fire administration,' 'safelincs.co.uk,' and 'guardianfireprotection.com,' although the sources are inconsistently cited and sometimes incomplete. The variety of sources is somewhat limited to web-based vendor or organizational sites rather than peer-reviewed journals or government agencies, and some source citations are vague or missing. Overall, several clearly identified and generally credible sources are present but lack variety and consistent citation.","The analysis sections for each prior design attempt are minimal and mostly consist of brief statements or source names without detailed explanation of strengths or shortcomings. There is no clear, detailed comparison between the different prior designs, nor explicit reasoning about why one design might be better or worse than another. The analysis is overly general and lacks relevant supporting data or detailed evaluation tied to design requirements. The student does not explicitly explain how these prior attempts influenced their design or why certain approaches were unsuccessful.","This submission shows an effort to identify multiple prior design attempts related to fire safety, including smoke detectors, fire extinguishers, fire blankets, sprinklers, and kitchen fire suppression devices. The student uses several sources, indicating some understanding of the need to research existing solutions. However, the sources are inconsistently cited and lack variety, with many coming from vendor or organizational websites rather than peer-reviewed or governmental sources, which limits the depth of the research. The analysis of these prior designs is limited. The student provides minimal detail about the strengths and weaknesses of each design and does not clearly compare or contrast them. There is little explanation of why certain designs failed to meet the problem requirements or how these insights informed the design decisions. To improve, the student should provide more detailed, data-supported evaluations of each prior attempt, explicitly compare their advantages and disadvantages, and explain how these influenced their design choices. Additionally, more consistent and credible sourcing would strengthen the documentation and analysis.",2.5,1,0,integer,0.5,2026,1-2,,
Case216_40.docx,2026,,,4,0,4,1,,,"['Examine whether the variety of sources cited truly represents a broad array of prior design attempts or if they mostly cover similar aspects of sea turtle care, which could affect the B1 score.', 'Assess if the lack of explicit analysis or comparison between the cited sources justifies the low B2 score, or if any implicit evaluative comments might have been overlooked.', 'Consider whether the inclusion of URLs without accessible content impacts the credibility or clarity of the documented sources for B1.', 'Evaluate if the absence of any discussion on strengths and shortcomings of prior attempts is a definitive omission or if some subtle evaluative language is present but underdeveloped.', 'Determine if the student’s note from Mr. Martz about URL accessibility suggests incomplete documentation that might influence the interpretation of the analysis quality.']","The student provides a variety of clearly identified and credible sources, including journal articles, government documents, and reputable websites. The sources cover multiple aspects related to sea turtles, such as aging, welfare, environmental enrichment, and health. This variety indicates a reasonably broad research effort, though the sources are mostly academic papers and a few web pages, which somewhat limits the diversity.","The submission lacks any explicit analysis of the prior attempts to solve the problem. There is no discussion of strengths or shortcomings of the referenced works, no comparison between different approaches, and no reasoning about why one solution might be preferable to another. The document is essentially a bibliography without evaluative commentary.","This submission shows a reasonable effort in gathering a range of credible sources related to sea turtle care and biology, meeting the requirement for documenting prior design attempts. The inclusion of peer-reviewed articles and reputable websites reflects adequate research skills and provides a foundation for understanding the problem context. However, the work does not include analysis of these prior attempts. There is no evaluation of the strengths or weaknesses of the documented sources, nor any comparison or justification of different approaches, which limits the usefulness of the research for informing design decisions. To improve, the work should explicitly discuss how each source contributes to solving the problem, highlighting advantages and disadvantages. Comparing multiple solutions and explaining why certain approaches are preferable would strengthen the analysis. Additionally, integrating relevant data from the sources to support these evaluations would enhance clarity and depth. Finally, ensuring that URLs are accessible and properly formatted would improve the usability of the references. These steps would help transform the research from a list of sources into a more meaningful analysis that guides design choices.",2.5,2,0,integer,0.5,2026,2-3,,
,,,,,,,,,,,,,,,,,,,,,,
,,,,,,,,,,,,,,,,,,,,,,
